review_id,product_name,review_text,date,sentiment_score,sentiment
review-1,Lucky Me! Pancit Canton Chilimansi 6pcs,Taste: 100 Quality: 10 All time favorite. Salamat sa fast delivery at ky rider so very kind. Thank you so much seller this is my 4th purchase 😉👍👏👌,2023-03-09,0.5305,positive
review-2,Lucky Me! Pancit Canton Chilimansi 6pcs,"Taste: Ok Quality: Ok Occasion: Ok The item arrived well-packed and in perfect condition. It's easy to use and works just as described. The seller was straightforward and reliable, making this a great buy.",2023-09-24,0.5098,positive
review-3,Lucky Me! Pancit Canton Chilimansi 6pcs,Texture: The noodles are so chewy and firm! Satisfying! Flavor: I really enjoy this chili calamansi flavor Number 1 Pancit canton from lucky me. + arrived in perfect condition! Delived contactless and door to door. Long expiry date! Will expire in January 2027 and received by august 2026,2026-08-08,-0.3168,negative
review-4,Lucky Me! Pancit Canton Chilimansi 6pcs,Texture: chewy satisfying texture Flavor: clamansi balanced thr flavor Quality: meets my expectations comforting to eat,2026-05-10,0.6721,positive
review-5,Lucky Me! Pancit Canton Chilimansi 6pcs,Quality: 10/10 Occasion: for personal use 10/10 Taste: 10/10 As always S&R shopping is the BEST! Thanks Shopee for allowing us to purchase at S&R and packaging was SUPER SECURED! Thanks so much S&R till my next purchase! Thanks so much courier package arrived so secured!,2023-09-24,0.7033,positive
review-6,Lucky Me! Pancit Canton Chilimansi 6pcs,"Thank u shopee at seller S&R , maaus nkdtng parcel ko maaus dn pgkabalot, , gnda ng pagkapack nkabox pa tlga slmt seller , ordeer ako uli sunod , ,thank u dn sa ngddlver.",2023-09-02,0.604,positive
review-7,Lucky Me! Pancit Canton Chilimansi 6pcs,Quality: well-packed and high quality Texture: I enjoy its chewy and firm texture Flavor: balance and tasty chilimansi flavor,2026-07-29,0.7222,positive
review-8,Lucky Me! Pancit Canton Chilimansi 6pcs,Texture: excellent noodles na noodles Flavor: fav ko super sarap! Quality: pang mamahalin na Canton! Fav ko ito sa lahat ng flav super sarap at savory pa nya!,2026-06-17,0.7059,positive
review-9,Lucky Me! Pancit Canton Chilimansi 6pcs,Texture: the noodles have a chewy and firm texture that i enjoy. Flavor: the noodles have a chewy and firm texture that i enjoy. Quality: the product feels high quality and well packed,2026-06-27,0.7101,positive
review-10,Lucky Me! Pancit Canton Chilimansi 6pcs,Quality: fresh and high quality Texture: firm texture of noodles Flavor: balanced flavor Well packed,2026-07-28,0.661,positive
review-11,Lucky Me! Pancit Canton Chilimansi 6pcs,Quality: quality is 10/10 Texture: chewy and firm texture Flavor: chilimansi Good packaging.,2026-07-23,0.7183,positive
review-12,Lucky Me! Pancit Canton Chilimansi 6pcs,"Texture: The noodles have a chewy texture that I enjoy. Flavor: There is a balance of spicy, sweet and sour notes. Quality: This product is high quality. Our all time favorite merienda. Thank you.",2026-06-07,0.589,positive
review-13,Lucky Me! Pancit Canton Chilimansi 6pcs,"Quality: The noodles have met my expectations. Taste: The flavor is balanced with a touch of sweetness, spice, and sourness Texture: The noodles are chewy and enjoyable when cooked.",2026-04-02,0.0625,positive
review-14,Lucky Me! Pancit Canton Chilimansi 6pcs,"Quality: THE PACKAGING IS HIGH QUALITY AND SECURED Texture: I ENJOY THE CHEWY AND THE NOODLES Flavor: THERES A BALANCE BETWEEN SWEET AND SPICY I REALLY RECOMMEND THIS SHOP, THIS IS LEGIT SHOP I RATE THIS AS 100 STARS ⭐️ BUY NOW IN THIS SHOP VERY RECOMMENDED 🌸",2026-07-28,0.481,positive
review-15,Lucky Me! Pancit Canton Chilimansi 6pcs,the priduct feela hig quality and well packed i really enjoyed the tangy and refreshing kalamansi flavor,2026-05-28,0.7179,positive
review-16,Lucky Me! Pancit Canton Chilimansi 6pcs,"Texture: stir fried noodles Flavor: chilimansi,may favourite Quality: good, well packed Thank you",2026-07-04,0.6774,positive
review-17,Lucky Me! Pancit Canton Chilimansi 6pcs,Texture: chewy and firm when cooked Flavor: chilimansu flavor Quality: good quality and well packed,2026-06-25,0.6774,positive
review-18,Lucky Me! Pancit Canton Chilimansi 6pcs,Texture: nice texturei Flavor: chili and calamansi flavor Quality: good quality well packed,2026-05-21,0.6703,positive
review-19,Lucky Me! Pancit Canton Chilimansi 6pcs,Taste: good Occasion: none Quality: good Packed well delivered early will buy again in no time,2025-07-05,0.2063,positive
review-20,Lucky Me! Pancit Canton Chilimansi 6pcs,Quality: Masarap Texture: Maganda texture Flavor: Sweet and spicy,2026-07-24,0.7222,positive
review-21,Lucky Me! Pancit Canton Chilimansi 6pcs,"Item Quality: Excellent quality! The material feels durable and matches the description perfectly. Packaging: Packaged very securely with thick bubble wrap and cardboard protection. Zero damage to the item or box during transit. Delivery & Service: Arrived faster than expected. The seller processed and shipped out the order on the same day, and the courier rider was polite. Will definitely order again from this shop! Highly recommended!",2026-07-24,0.573,positive
review-22,Lucky Me! Pancit Canton Chilimansi 6pcs,Texture: ok Flavor: good Quality: nice ang laki ng lalagyan mura pa tapos masarap madali cia iprepare d na kailangan lutuin ng matagal lagyan mo lang mainit na tubig ready na kainin goods for diet,2026-07-08,0.5425,positive
review-23,Lucky Me! Pancit Canton Chilimansi 6pcs,Items are complete and in good condition. You get your money's worth and is beyond my expectations. What you see is what you get. The app is also easy to use and is user friendly. Hoping to get more points to use for shopping. Delivery was fast. Delivery man is very polite and practices contactless delivery. Thankyou seller. Will surely return to your shop. :),2024-03-15,0.5954,positive
review-24,Lucky Me! Pancit Canton Chilimansi 6pcs,"Texture: The noodles have a chewy and firm texture that I enjoy. Flavor: There's a nice mix of sweet, spicy I love the taste Quality: The product is high quality ang week packed.",2026-07-16,0.5714,positive
review-25,Lucky Me! Pancit Canton Chilimansi 6pcs,Quality: nice Taste: good Occasion: ok super mura sa halagang 102 may 12 pcs ka n ng pancit canton legit soya safe at mabilis pang naideliver,2023-09-10,0.4028,positive
review-26,Lucky Me! Pancit Canton Chilimansi 6pcs,Quality: feels high quality and packed good Texture: chewy and firm Flavor: chilimansi flavor give the flavorful taste to the product,2026-07-26,0.4545,positive
review-27,Lucky Me! Pancit Canton Chilimansi 6pcs,Texture: chewy and firm texture. Flavor: Chilimansi flavor. Quality: high quality and well -packed,2026-07-04,0.7436,positive
review-28,Lucky Me! Pancit Canton Chilimansi 6pcs,"i really like it, affordable and good. thank you seller for packing it so fast for delivery. it was a good buy, very good value for money",2025-07-13,0.6762,positive
review-29,Lucky Me! Pancit Canton Chilimansi 6pcs,Texture: complete 6pcs. dumating sa amin chilimansi Flavor: chilimansi pancit Canton Quality: accurate,2026-04-22,-0.5082,negative
review-30,Unknown Product,Colour: very good Material Quality: very good Appearance: very good Ang Ganda nya grabe gustong gusto q sya at Marami pang bulsa thanks po seller at sa nag deliver din po salamat din sa iyo Ang bilis kaka order q lang dumating kaagad,2026-01-17,0.6296,positive
review-31,Unknown Product,"Colour: black color bag Material Quality: the bag made from good quality material, feels sturdy and durable Appearance: looks neat and stylish Thank you seller, Godbless 💖",2026-05-09,0.5263,positive
review-32,Unknown Product,Colour: violet Appearance: good Material Quality: good Marami syang malagyan at gustong gusto ng anak ko dahil five zipper salamat seller,2025-09-06,0.3578,positive
review-33,Unknown Product,Appearance: good Material Quality: good Colour: very good Hnd kopa cya na try but I really like it so much,2025-08-18,0.7279,positive
review-34,Unknown Product,"Good quality. This is my more order in this shop, the price is very comfortable its perfect for my small business. The packages is good no damages at all. Thankyou very much seller nicacanoveno",2025-11-18,0.6023,positive
review-35,Unknown Product,Appearance: Good quality Material Quality: Good Colour: Black Thankyouuu seller for the fast delivery and good quality💝,2025-09-22,0.6795,positive
review-36,UV Protection Umbrella Automatic Folding Umbrella Lightweight Compact Sun Umbrella for Women 3,"Natanggap ko po itong items..para po sa akin nice nagustuhan ko po at walang sira yung isa payong ito autumatic nice at yung itong isa payong ay manual nice 4 pesos lang itong payong manual,thanks seller sapag sent picture,thanks seller at delivery boy,",2025-06-24,0.4972,positive
review-37,UV Protection Umbrella Automatic Folding Umbrella Lightweight Compact Sun Umbrella for Women 3,"Hesitant ako mg receive ng items kasi when I asked the seller if solar si lights, they told me no. Pero nasa description naman na solar kaya sinubukan ko parin e receive. Good thing solar talaga xa. Kudos sa shop at mabilis sila mg ship out ng orders. All items are in good condition.",2023-11-12,0.2308,positive
review-38,UV Protection Umbrella Automatic Folding Umbrella Lightweight Compact Sun Umbrella for Women 3,"Quality: durable and looks sturdy Appearance: looks attractive Suitability: suitable The material looks sturdy,durable and affordable, suit to my needs",2026-02-10,0.5775,positive
review-39,UV Protection Umbrella Automatic Folding Umbrella Lightweight Compact Sun Umbrella for Women 3,Quality: good Appearance: good Suitability: good Okay po lahat nung orders ko .tsaka bago iship nagchat muna si seller .maraming saLamat po.,2023-05-25,0.6117,positive
review-40,UV Protection Umbrella Automatic Folding Umbrella Lightweight Compact Sun Umbrella for Women 3,Quality: good Appearance: good Suitability: good Good naman the manual umbrella cheap price good condition not sure sa battery charger good condition namn,2023-06-01,0.6721,positive
review-41,UV Protection Umbrella Automatic Folding Umbrella Lightweight Compact Sun Umbrella for Women 3,"Suitability: Matibay Appearance: 10/10 Quality: 10/10 I already received my parcel, thank you so much seller and rider talaga siya perfect din ang quality order ulit Ako recommend this shop talaga as always thank you po",2025-09-15,0.6107,positive
review-42,UV Protection Umbrella Automatic Folding Umbrella Lightweight Compact Sun Umbrella for Women 3,"Quality: the umbrella looks durable Appearance: attractive and matches my expectations Suitability: practical sunshades legit shop,, akala ko talaga si paying ang dadating,, nakuha ko sya as free naka timing ako na nag promo si seller,, salamat pod talaga, dito na po ako bibili sa shop nyo ng iba ko pang kailangan, Thank you po uli,",2026-07-02,0.5789,positive
review-43,UV Protection Umbrella Automatic Folding Umbrella Lightweight Compact Sun Umbrella for Women 3,Quality: mgnda at mukhng mtibay sya Suitability: skto ngyng tag ulan Appearance: gnda ng kulay dble p ung blot nya slmat po kht late sya ai ok lng mhlga skn ndliver at mgnda ala dn dmge slmat po,2025-07-05,0.505,positive
review-44,UV Protection Umbrella Automatic Folding Umbrella Lightweight Compact Sun Umbrella for Women 3,Suitability: tma lhat Quality: mganda Appearance: good Tnx seller DHL tma lhat at mganda poh maaus items complete,2023-12-01,0.5652,positive
review-45,UV Protection Umbrella Automatic Folding Umbrella Lightweight Compact Sun Umbrella for Women 3,Suitability: sustainable Quality: good Appearance: super nice It’s a great relief for us to have a team member who manages themselves. Your effort is deeply appreciated. Thank you team B-Suretech. Godbless our team. Morrreee Projects to come! 🙏 Insert Cris Martin,2023-07-24,0.7107,positive
review-46,UV Protection Umbrella Automatic Folding Umbrella Lightweight Compact Sun Umbrella for Women 3,Appearance: Beautiful i received the exact color Quality: looks likes durable Suitability: easy to carry suits in my bag,2025-07-16,0.5238,positive
review-47,UV Protection Umbrella Automatic Folding Umbrella Lightweight Compact Sun Umbrella for Women 3,"order na supper legit yong Seler nato.. i order 2 mineFan and umbrella. and its cost only 87 pisos! take note 3 items nayun, thankyou seler😘😘😘",2025-01-17,0.5833,positive
review-48,UV Protection Umbrella Automatic Folding Umbrella Lightweight Compact Sun Umbrella for Women 3,"Quality: very good quality swak na swak Appearance: looks good,,very very good Suitability: good talaga sa araw",2026-04-06,0.6923,positive
review-49,UV Protection Umbrella Automatic Folding Umbrella Lightweight Compact Sun Umbrella for Women 3,"Appearance: good Quality: good Suitability: good Ok naman walang damage salamat shopper ,,seller at syempre kua rider dapat ganyan ang serbisyo para madami pa ang mag order sa shop NIU sir/madam thank you so much",2024-06-28,0.2437,positive
review-50,UV Protection Umbrella Automatic Folding Umbrella Lightweight Compact Sun Umbrella for Women 3,Suitability: 10/10 Appearance: 10/10 Quality: 10/10 Salamat po at may magagamit na sa panahong kelangan ng pandong😊. Sulit presyo po❤️❤️😊.,2023-12-13,0.717,positive
review-51,UV Protection Umbrella Automatic Folding Umbrella Lightweight Compact Sun Umbrella for Women 3,"Quality: Good Suitability: Good Appearance: Good Super secured yung packaging niya, it's good.",2025-06-25,0.6988,positive
review-52,UV Protection Umbrella Automatic Folding Umbrella Lightweight Compact Sun Umbrella for Women 3,Quality: very good Appearance: very good Suitability: very good. Perfect,2023-06-17,0.7368,positive
review-53,UV Protection Umbrella Automatic Folding Umbrella Lightweight Compact Sun Umbrella for Women 3,"Suitability: packaging is good Appearance: very good Thank you seller,Thank you Shoppe 😊",2024-06-29,0.6732,positive
review-54,UV Protection Umbrella Automatic Folding Umbrella Lightweight Compact Sun Umbrella for Women 3,Quality: maganda at matibay Appearance: actractive din Yung design very clean looking lng Suitability: practical and needed pag naalis Sulit at worth it Yung payung matibay,2026-01-08,0.7159,positive
review-55,UV Protection Umbrella Automatic Folding Umbrella Lightweight Compact Sun Umbrella for Women 3,Appearance: ok Suitability: ok Quality: very good thank you sa good quality ng payong at mini fan 😊,2024-05-03,0.6,positive
review-56,UV Protection Umbrella Automatic Folding Umbrella Lightweight Compact Sun Umbrella for Women 3,"Appearance: 10 out of 10 kahit sa 4 pesos lang walang damage Thankyou seller Quality: Maganda Thankyou seller kahit 4 pesos lang wala damage ang items,,",2025-06-23,0.4118,positive
review-57,UV Protection Umbrella Automatic Folding Umbrella Lightweight Compact Sun Umbrella for Women 3,Quality: 10/10 Appearance: good Suitability: good Maganda good for its pricee thankyou seller,2024-07-09,0.7006,positive
review-58,UV Protection Umbrella Automatic Folding Umbrella Lightweight Compact Sun Umbrella for Women 3,Quality: 10/10 Appearance: 10/10 Suitability: 10/10 💯,2025-07-17,0.7419,positive
review-59,UV Protection Umbrella Automatic Folding Umbrella Lightweight Compact Sun Umbrella for Women 3,Quality: good Appearance: good Suitability: good Maganda mukhang tatagal naman siya,2023-07-29,0.5495,positive
review-60,UV Protection Umbrella Automatic Folding Umbrella Lightweight Compact Sun Umbrella for Women 3,Quality: good Ganda Nang item,2024-11-29,0.697,positive
review-61,UV Protection Umbrella Automatic Folding Umbrella Lightweight Compact Sun Umbrella for Women 3,Quality: g Appearance: g Suitability: g Stay safe and dry while enjoying a cup of best KAPE-ling sa maulang panahon ☔,2025-09-09,0.4286,positive
review-62,UV Protection Umbrella Automatic Folding Umbrella Lightweight Compact Sun Umbrella for Women 3,Appearance: Maganda po sya Quality: Goods po,2025-07-08,0.7059,positive
review-63,UV Protection Umbrella Automatic Folding Umbrella Lightweight Compact Sun Umbrella for Women 3,Quality: nice Suitability: nice Salamat nice ky baratu ra 🥰🥰,2025-07-14,0.6842,positive
review-64,UV Protection Umbrella Automatic Folding Umbrella Lightweight Compact Sun Umbrella for Women 3,Quality: ok Appearance: ok Suitability: ok Thank you so much😊,2023-04-30,0.4737,positive
review-65,UV Protection Umbrella Automatic Folding Umbrella Lightweight Compact Sun Umbrella for Women 3,Thank you seller at kay kuya rider . Worth it ang piso sa UV umbrella,2024-07-03,0.5775,positive
review-66,UV Protection Umbrella Automatic Folding Umbrella Lightweight Compact Sun Umbrella for Women 3,Quality: good highly recommend Appearance: good Suitability: good,2026-01-09,0.696,positive
review-67,UV Protection Umbrella Automatic Folding Umbrella Lightweight Compact Sun Umbrella for Women 3,Quality: very good Suitability: good Appearance: very good,2025-08-07,0.7087,positive
review-68,UV Protection Umbrella Automatic Folding Umbrella Lightweight Compact Sun Umbrella for Women 3,Appearance: good Quality: good Suitability: good Salamat seller,2024-12-11,0.6748,positive
review-69,UV Protection Umbrella Automatic Folding Umbrella Lightweight Compact Sun Umbrella for Women 3,Appearance: good Suitability: good,2024-07-22,0.6721,positive
review-70,UV Protection Umbrella Automatic Folding Umbrella Lightweight Compact Sun Umbrella for Women 3,"Thank You seller, nhkahabol png christmas party..Excellent Quality👍👍👍",2023-12-17,0.6933,positive
review-71,UV Protection Umbrella Automatic Folding Umbrella Lightweight Compact Sun Umbrella for Women 3,Quality: good quality Makapal tela kaso yong kaw nya maliit 😁,2025-06-30,0.6739,positive
review-72,UV Protection Umbrella Automatic Folding Umbrella Lightweight Compact Sun Umbrella for Women 3,Quality: 10/10 Appearance: 10/10 Suitability: mukhang matibay,2026-04-07,0.7321,positive
review-73,UV Protection Umbrella Automatic Folding Umbrella Lightweight Compact Sun Umbrella for Women 3,Quality: GOOD Suitability: GOOD Appearance: Excellent,2025-07-10,0.7345,positive
review-74,UV Protection Umbrella Automatic Folding Umbrella Lightweight Compact Sun Umbrella for Women 3,Appearance: ok naman siya Quality: ang ganda ng item na bili ko,2025-07-08,0.2,positive
review-75,UV Protection Umbrella Automatic Folding Umbrella Lightweight Compact Sun Umbrella for Women 3,The product is real I get the product 19pisos just order here,2025-01-06,0.6774,positive
review-76,UV Protection Umbrella Automatic Folding Umbrella Lightweight Compact Sun Umbrella for Women 3,"maganda siya. very simple. mas bet ko ganyan kesa sa madaming colors. plus the solar power, no need mamroblema sa sasaksakan.",2023-11-13,0.5778,positive
review-77,UV Protection Umbrella Automatic Folding Umbrella Lightweight Compact Sun Umbrella for Women 3,Quality: good Appearance: good Nice,2024-07-10,0.6667,positive
review-78,UV Protection Umbrella Automatic Folding Umbrella Lightweight Compact Sun Umbrella for Women 3,"Appearance: 10/10 Suitability: 10/10 Quality: 9/10 Okay yung item at working naman. Ang problema lang ang SPX, June 9 ko inorder at napickup ng courier tapos nareceived ko lang ngayong June 24, 15 days ang delivery sa payong at walang update after June 10. Yung CSR ni shopee wala rin, wala nga silang info kung saan na ang item basta underway daw, 2 weeks underway LoL. Yung nagdelivery sa bahay ay walang problema. Ang respobsible ay ang driver from SOC- Negros> 13 days biyahe without updates.",2025-06-24,0.1333,positive
review-79,UV Protection Umbrella Automatic Folding Umbrella Lightweight Compact Sun Umbrella for Women 3,Quality: 10/10 Suitability: 10/10 Appearance: 10/10,2024-07-12,0.75,positive
review-80,UV Protection Umbrella Automatic Folding Umbrella Lightweight Compact Sun Umbrella for Women 3,Appearance: Simple lang Suitability: Pwede na,2026-07-06,0.6364,positive
review-81,UV Protection Umbrella Automatic Folding Umbrella Lightweight Compact Sun Umbrella for Women 3,Appearance: good Quality: good,2023-05-19,0.6774,positive
review-82,UV Protection Umbrella Automatic Folding Umbrella Lightweight Compact Sun Umbrella for Women 3,Quality: Good Appearance: Nice Worth it.,2024-07-07,0.6667,positive
review-83,UV Protection Umbrella Automatic Folding Umbrella Lightweight Compact Sun Umbrella for Women 3,Quality: good Appearance: 👍👍,2024-09-08,0.6703,positive
review-84,UV Protection Umbrella Automatic Folding Umbrella Lightweight Compact Sun Umbrella for Women 3,Suitability: good Quality: good Appearance: good,2023-10-25,0.6774,positive
review-85,UV Protection Umbrella Automatic Folding Umbrella Lightweight Compact Sun Umbrella for Women 3,Appearance: good Suitability: good Quality: good,2025-10-28,0.6774,positive
review-86,UV Protection Umbrella Automatic Folding Umbrella Lightweight Compact Sun Umbrella for Women 3,Fast delivery average durability,2025-07-10,0.6296,positive
review-87,UV Protection Umbrella Automatic Folding Umbrella Lightweight Compact Sun Umbrella for Women 3,Good quality mukang matibay mura ko lang nabili,2025-11-12,0.6,positive
review-88,UV Protection Umbrella Automatic Folding Umbrella Lightweight Compact Sun Umbrella for Women 3,Quality: hnd diniliver ng rider Appearance: hnd diniliver ng rider Suitability: hnd diniliver ng rider,2026-06-22,0.0,neutral
review-89,UV Protection Umbrella Automatic Folding Umbrella Lightweight Compact Sun Umbrella for Women 3,"Maganda sya,nagustuhan ng panganay ko Tama malapit na pasukan.oorder pko para skin Naman iba kulay Naman",2024-07-08,0.625,positive
review-90,UV Protection Umbrella Automatic Folding Umbrella Lightweight Compact Sun Umbrella for Women 3,Quality: nice,2023-07-21,0.6552,positive
review-91,UV Protection Umbrella Automatic Folding Umbrella Lightweight Compact Sun Umbrella for Women 3,"Makapal at matibay po ung payong recommend po talaga,Salamat seller",2025-07-06,0.6721,positive
review-92,UV Protection Umbrella Automatic Folding Umbrella Lightweight Compact Sun Umbrella for Women 3,Sulit ang bayd kahit na malayo thanks seller ❤️,2025-08-01,0.3506,positive
review-93,UV Protection Umbrella Automatic Folding Umbrella Lightweight Compact Sun Umbrella for Women 3,Good naman sya mabilis din dumating ayosss,2025-08-29,0.6652,positive
review-94,UV Protection Umbrella Automatic Folding Umbrella Lightweight Compact Sun Umbrella for Women 3,So nice tamang tama sa mga parafle ko :),2023-10-17,0.5413,positive
review-95,Unknown Product,"Quality: Legit Usability: 100% Thank you po🥰🥰 ⭐⭐⭐⭐⭐ Very satisfied with my purchase! The phone is exactly as described, arrived safely, and was packed securely. Fast shipping and reliable seller. Highly recommended!👌💯",2026-07-30,0.7109,positive
review-96,Unknown Product,"Quality: 99.9 very good Usability: it is nice and very happy to use really useful Thanks to the shop,we received very nice and good item.my daughter really likes it was really suitable for her to use.thanks to the rider very responsible,good to communicate and very professional.",2026-05-27,0.6604,positive
review-97,Unknown Product,Satisfy thank you Kay seller Hindi ako binigo first time ko umorder Ng ganito legit tlaga sya ang Ganda nya akala ko ma scam ako sobrang Ganda nya wala na ako masabi at thank you din Kay kuya rider successful Yun order ko maayos pagka wrap nya at thank you so much sa uulitin ulit.,2026-03-03,0.5209,positive
review-98,Unknown Product,"the phone looks great , should perform well as the specs are really good . This store is great , I've ordered maybe 4 or 5 phones from them for friends and relatives and each time the order is processed very fast and received within 3 days , couldn't be happier with their service",2026-06-10,0.6331,positive
review-99,Unknown Product,Quality: okay na for its price Usability: ganda kulay,2026-05-03,0.6296,positive
review-100,Unknown Product,"Well packed, fast deliver and legit Oppo` A3x. The smartphone is seamless to use. This is my 2nd time to order in this shop. Thank you kuya rider and seller.",2026-04-03,0.4643,positive
review-101,Unknown Product,"Quality: very good Usability: very nice thank you so much, legit ang item, hihgly recommended.",2026-06-09,0.6863,positive
review-102,Unknown Product,"bilis mgship ni seller, dumating ng maayos ang cp at walang damaged, ganda ng bagong model ni oppo, thanks seller",2026-04-20,0.4595,positive
review-103,Unknown Product,Quality: It's giod Usability: It works. Ginagamit na ng bebe labs ko,2026-05-31,0.5745,positive
review-104,Unknown Product,Quality: Good Usability: Nice Maganda ang Pagpapapack,2026-06-20,0.6842,positive
review-105,Unknown Product,"Quality: parang lumang phone lang sya Wala syang wifi scanner Yung mga emoji nya out dated na,tapos dinikit lang Yung sa camera sa likod,Kasi pag sinindi mo Yung flashlight kita mo Yung gilid nya umiilaw ang dami din gasgas tpos Yung volume nya nasa kbilang side pa na dapat nasa side Ng volume.yung camera parang Yung mga old model na phone tlga. Product: Counterfeit product",2026-07-27,-0.5238,negative
review-106,Unknown Product,Legit shop. Accommodating seller. Good service.,2026-05-22,0.6721,positive
review-107,Unknown Product,Quality: maganda po yung quality Niya sobrang nagustuhan ng asawa ko Usability: it is very simple to use and very suitable for my husband for his daily travel,2026-06-20,0.6658,positive
review-108,Unknown Product,"wow!!!!!legit po ang phone,,,ang Ganda po,,super happy ko,,thank you so very much,,,super nice oppo phone!loved it!",2026-04-28,0.7325,positive
review-109,Unknown Product,Quality: It really performs well Usability: Its easy to use,2026-05-04,0.6875,positive
review-110,Unknown Product,I am thankful most especially to seller because she is approachable.She send me a picture of my order.i hope the item will lasts.,2026-05-18,0.5714,positive
review-111,Unknown Product,Well pack at complete safe nmn na dumating,2026-05-03,0.375,positive
review-112,Unknown Product,Very satisfied with my order.,2026-01-05,0.7494,positive
review-113,Unknown Product,Hindi nmn xa nagla log aus na panggamit ng mga bagets Makakapaglaro din sila ng pubG ML ng walang log,2026-06-22,-0.7297,negative
review-114,Unknown Product,Quality: bad,2026-05-24,-0.7222,negative
review-115,Unknown Product,Quality: good,2026-07-28,0.6774,positive
review-116,Unknown Product,Ok naman siya,2026-06-19,-0.4595,negative
review-117,Unknown Product,Di maganda,2026-04-26,-0.7222,negative
review-118,Unknown Product,Bad product,2026-05-11,-0.7222,negative
review-119,Unknown Product,Di gumagana tinapon ko nalang sa inidoro,2026-09-19,-0.5556,negative
review-120,Unknown Product,"Quality: Legit! Works well Usability: Pgdting sa anak ko ng parcel, fullcharge sya Thank you seller, dimu ako binigo! From manila to visayas super secured ng package, wlng damage ung item at tlgng malaki ung nklgay sa plastic na fragile, maasahan ang shop na itu dhil ngsesend ng picture as proof before sending out the item, and lahat ng request ko(make the packaging discreet and secured), definitely will be a repeat purchase soon🥰 ❤️❤️👌👌👌",2026-08-25,0.587,positive
review-121,Unknown Product,Legit naman sya seller sent me a photo before pina ship wala lang ako vid at picture dahil binigay namin sa aming pamangkin sana mag tagal at okay gamitin salamat po,2026-07-13,-0.0385,neutral
review-122,Unknown Product,Thank you sa pa freebies maayos at maganda ung cellphone malaki pa ang nadiscount,2026-08-24,0.6774,positive
review-123,Unknown Product,"legit shop! ang bilis din ng shipping, sana makakuha ulit sa susuanod na sale hehe, salamat po",2026-09-08,0.685,positive
review-124,Unknown Product,"legit store, very nice, affordable. maganda ang phone, legit seller. salamat at nakarating ng maayos",2026-08-26,0.6765,positive
review-125,Unknown Product,"First time ko lang bumili ng ganitong klaseng phone, ang ganda, smooth malinaw din camera at matagal din malowbat, secured na secured talaga siya ka received ko ng parcel. Sana magtagal.",2026-03-20,-0.2716,negative
review-126,Unknown Product,Quality: the phone perform well Usability: it is a simple,2026-05-18,0.6491,positive
review-127,Unknown Product,Matigas not soft touch Sayang bayad 5k + tapos clone TANG INA🤬,2026-09-01,-0.3846,negative
review-128,Unknown Product,Quality: Good Usability: nagustuhan ng kapatid ko thank you seller order ako ulit,2026-09-11,0.6479,positive
review-129,Unknown Product,Quality: the smart phone feels reliable for every day use Usability: the smart phone is simple to use Thank you so much seller very nice and affordable price till my next orders,2026-08-20,0.6579,positive
review-130,Unknown Product,"Walang kwenta, laging nag hahang, nkakainis, bago kuno pero parang d nman original. Ang bilis malowbat, not recomended...",2026-05-19,-0.7321,negative
review-131,Unknown Product,"Thank you shopee and to the seller for this great value for money promo, highly recommended and will surely order again",2026-01-20,0.6212,positive
review-132,Unknown Product,Quality: good,2026-05-12,0.6774,positive
review-133,Unknown Product,The charger very slow.,2026-02-28,-0.6753,negative
review-134,Unknown Product,Quality: good Usability: goods Worth it,2026-08-17,0.6703,positive
review-135,Unknown Product,Naloko ako ni seller wag kayo bibili,2026-10-05,-0.75,negative
review-136,Unknown Product,"Legit to buy, fast shipping, awesome package",2026-03-10,0.697,positive
review-137,Unknown Product,Quality: very poor quality,2026-03-11,-0.7555,negative
review-138,Unknown Product,Panget,2026-07-30,-0.7368,negative
review-139,Outdoor sun hat Camping - Bucket Hat-Mountaineering Cap Fishing CapOut Breathable Comfortable Unisex,Quality: Good Quality Appearance: Awesome Suitability: Nice Quality Makapal at magandang tingnan sa personal. Hindi tinipid sa Material lalo na ang mga tahi pulidong pulido. Approachable si seller lalo na kung may mga katanungan. Follow nadin kayo GodBless Seller,2024-08-14,0.5604,positive
review-140,Outdoor sun hat Camping - Bucket Hat-Mountaineering Cap Fishing CapOut Breathable Comfortable Unisex,Quality: durable and fabric is thick Appearance: trendy and matches with any outfit Suitability: fits well for hiking or any outdoor activities very high quality product! worth it for its price! adjustable chin straps and thick fabric,2026-04-16,0.6252,positive
review-141,Outdoor sun hat Camping - Bucket Hat-Mountaineering Cap Fishing CapOut Breathable Comfortable Unisex,"Quality: 10/10 Appearance: 10/10 Suitability: 10/10 Sobrang ganda ng quality ng camper hat sa shop na'to, makapal at detalyado ang tahi at napaka responsible pa ng mga seller kaya kudos sa shop na'to, fast ship out & shipping pa sila kaya mabilis mo lang marereceived thanks seller will order again soon & thank you din palagi kuys rider william 🙏🏻👌🏻",2024-01-17,0.6094,positive
review-142,Outdoor sun hat Camping - Bucket Hat-Mountaineering Cap Fishing CapOut Breathable Comfortable Unisex,"Quality: The fabric is thick and durable. Appearance: The design is simple and efficient. Suitability: Good for people with skin conditions, for doing outdoor activities, and people who don't want to tan.",2026-04-15,0.6667,positive
review-143,Outdoor sun hat Camping - Bucket Hat-Mountaineering Cap Fishing CapOut Breathable Comfortable Unisex,"Quality: solid ang ganda Suitability: maganda talaga Appearance: sulit ang bayad Ang bilis ng pagdating, ang ganda pa bg item. Tama lang ngayong tag init. Thank you, Oorder ulet ako nito next time.",2023-04-22,0.638,positive
review-144,Outdoor sun hat Camping - Bucket Hat-Mountaineering Cap Fishing CapOut Breathable Comfortable Unisex,"Quality: feels durable and the fabric is thick and comfortable Appearance: looks trendy and matches the casual outlook Suitability: fits well and can use in camping, hiking or beach outing Superb Quality",2026-04-11,0.6639,positive
review-145,Outdoor sun hat Camping - Bucket Hat-Mountaineering Cap Fishing CapOut Breathable Comfortable Unisex,Very maganda very good ang quality and it fits in any outfit for your hiking. I recommend this product 🤍,2025-02-17,0.6547,positive
review-146,Outdoor sun hat Camping - Bucket Hat-Mountaineering Cap Fishing CapOut Breathable Comfortable Unisex,"Super duper worth it. Makapal 'yung ginamit na tela, sturdy rin ang pagkakagawa, makikita mo rin na hindi tinipid sa materials and sobrang kalidad. Highly recommended ang shop na 'to especially 'yung product 💛",2022-07-16,0.7053,positive
review-147,Outdoor sun hat Camping - Bucket Hat-Mountaineering Cap Fishing CapOut Breathable Comfortable Unisex,"Appearance: Quality exceeds the value of this hat. Had to purchase 1 more for my wife 😊 Quality: Best Quality for its price. Neatly stiched 👍🏻 Suitability: Perfect fit for my son who is already a teen, also fits me ang my fire perfectly.",2025-10-07,0.5745,positive
review-148,Outdoor sun hat Camping - Bucket Hat-Mountaineering Cap Fishing CapOut Breathable Comfortable Unisex,"Great quality bucket hat for fishing! The material is lightweight, breathable, and comfortable to wear even under the hot sun. It provides good shade and helps protect my face and neck while fishing. The stitching is neat, and it fits perfectly. Delivery was very fast, the item arrived well-packed, and the seller was responsive. Highly recommended for anglers and anyone who enjoys outdoor activities! 🎣🧢",2026-06-29,0.6715,positive
review-149,Outdoor sun hat Camping - Bucket Hat-Mountaineering Cap Fishing CapOut Breathable Comfortable Unisex,Quality: good Appearance: good Suitability: yes very suitable and comfortable to wear. Received the item correct size and color. Napaka Ganda nya gamiton. Order ulit Ako iBang design.😊😊😊😊,2026-05-30,0.692,positive
review-150,Outdoor sun hat Camping - Bucket Hat-Mountaineering Cap Fishing CapOut Breathable Comfortable Unisex,"Suitability: Sakto lang sa ulo Quality: 10/10 makapal yung tela Appearance: 10/10 All goods. Sakto sa ulo ko at makapal yung tela, maganda rin ang tahi. May airvent pa. Fast delivery. Thank you!!",2024-10-16,0.683,positive
review-151,Outdoor sun hat Camping - Bucket Hat-Mountaineering Cap Fishing CapOut Breathable Comfortable Unisex,"Quality: Super nice Quality. Appearance: Maganda ang pagkaka tahi. Suitability: Ginagamit ko pang trabaho. Pangalawang bili ko nato sa shop nato. Yung una ko kasing inorder is inarbor ng bayaw ko, nagandahan daw kasi sya. At nagustuhan nya rin yung kulay na ""acu"" kaya yun binigay ko na. Kaya ito napa order ulit ako netong ""pythone black"".",2023-09-22,0.6032,positive
review-152,Outdoor sun hat Camping - Bucket Hat-Mountaineering Cap Fishing CapOut Breathable Comfortable Unisex,"Appearance: Good appearance, camo matches other generic camo gear Quality: Decent quality for the price, light, easy to fold, dry and wear Suitability: Strap seems fiddly to use",2023-06-05,0.661,positive
review-153,Outdoor sun hat Camping - Bucket Hat-Mountaineering Cap Fishing CapOut Breathable Comfortable Unisex,Quality: 10/10 Appearance: 10/10 Suitability: 10/10 Good product ✔ Good quality ✔ Good packing ✔ Fast delivery ✔ True to size ✔ Correct color ✔ Complete order ✔ Budget friendly ✔ Thank you seller ☺ Thank you rider,2026-03-06,0.633,positive
review-154,Outdoor sun hat Camping - Bucket Hat-Mountaineering Cap Fishing CapOut Breathable Comfortable Unisex,Appearance: Good Quality: Good Suitability: Good Nice panregalo sa tatay ko. Sakto lang size. Hopefully hindi mabilis masira :) Thank you and Merry Christmas!,2022-12-25,0.6018,positive
review-155,Outdoor sun hat Camping - Bucket Hat-Mountaineering Cap Fishing CapOut Breathable Comfortable Unisex,"Suitability: amazing Quality: good Appearance: nice thanks seller, received ko na po order ko, till next transaction again! highly recommended this shop.. nag a-update tsaka very responsive👍 more sales to your clients thank you so much for your good service ma'am/sir❤️😘 will order again!😊 #salamat_SHOPEE!!!!",2023-12-06,0.6436,positive
review-156,Outdoor sun hat Camping - Bucket Hat-Mountaineering Cap Fishing CapOut Breathable Comfortable Unisex,SUPER LATE REVIEW. KUDOS KAY SELLER FOR THE FAST DELIVERY AND VERY RESPONSIVE DURING OUR TRANSACTION. DAHIL DITO NAGAMIT KO DIN ON TIME YUNG PRODUCT. VERY MATIBAY AND SERVE ITS PURPOSE TALAGA. THANK YOU SO MUCH SELLER,2026-01-04,0.5837,positive
review-157,Outdoor sun hat Camping - Bucket Hat-Mountaineering Cap Fishing CapOut Breathable Comfortable Unisex,"Suitability: great Appearance: amazing Quality: superb It’s just meet my expectations,kudos to d seller authentic stuff,will order again for different colors,thanks keep it coming baby! Lols",2024-03-07,0.6861,positive
review-158,Outdoor sun hat Camping - Bucket Hat-Mountaineering Cap Fishing CapOut Breathable Comfortable Unisex,"Maganda ung model sa hat at sexy. hangol ug otin lang hahaha just kidding Hat is very nice esp this summer, very trendy and is perfect for beach or trek, must have for all. Great quality.",2022-03-23,0.6394,positive
review-159,Outdoor sun hat Camping - Bucket Hat-Mountaineering Cap Fishing CapOut Breathable Comfortable Unisex,"Appearance: 10/10 Quality: 10/10 Suitability: 10/10 Ok naman ang parcel, walang damage. Maganda quality. Makapal ang tela hindi mainit sa ulo at sulit sa presyo niya. Thanks seller",2024-11-07,0.6471,positive
review-160,Outdoor sun hat Camping - Bucket Hat-Mountaineering Cap Fishing CapOut Breathable Comfortable Unisex,"Appearance: good Suitability: for hiking and camping Quality: good Seller is very responsive and accommodating. Items are delivered very fast, arrived safe, and complete. Correct colors as ordered. Will surely order again from this seller. 5 stars to the seller, shopee and rider. Thanks",2023-10-02,0.4087,positive
review-161,Outdoor sun hat Camping - Bucket Hat-Mountaineering Cap Fishing CapOut Breathable Comfortable Unisex,This is totally worth it. Item was shipped immediately and seller even sent a picture prior to delivery. It has a nice fabric even though it is cheap. Thanks so much seller.,2021-04-29,0.598,positive
review-162,Outdoor sun hat Camping - Bucket Hat-Mountaineering Cap Fishing CapOut Breathable Comfortable Unisex,Appearance: 10 Quality: 10 Suitability: 10 Recommended mga paps may uniform nako pang airsoft ACU hat panalo at cheaper price at napaka quality maraming salamat seller at shopee.,2023-12-17,0.6992,positive
review-163,Outdoor sun hat Camping - Bucket Hat-Mountaineering Cap Fishing CapOut Breathable Comfortable Unisex,"Quality: hat feels durable, fabric is thick Appearance: matches well with casual outfit Suitability: for hiking and camping Maganda ang hat, makapal din. Sulit sa murang presyo. Well order again. Thank you",2026-06-09,0.6894,positive
review-164,Outdoor sun hat Camping - Bucket Hat-Mountaineering Cap Fishing CapOut Breathable Comfortable Unisex,The seller finally got it right! Hahaha i order here last time tapos I selected the plain beige and the seller sent me a beige-camo. Buti na lang it looks good at nag aairsoft ako kaya okay lang. pero this time sumakto lahat. Ganda pa ng quality. Thanks seller!,2022-05-27,0.6296,positive
review-165,Outdoor sun hat Camping - Bucket Hat-Mountaineering Cap Fishing CapOut Breathable Comfortable Unisex,"Ganda pareho Complete items, right color Good quality No damage Excited nako gamitin sa next climb ko😍 Thanks seller☺️",2022-07-03,0.6104,positive
review-166,Outdoor sun hat Camping - Bucket Hat-Mountaineering Cap Fishing CapOut Breathable Comfortable Unisex,"Appearance: 10/10 Suitability: 10/10 Quality: 10/10 Unlike my stiff baseball caps, the 360-degree brim protects my ears and the back of my neck from getting sunburned. It fits snugly without squeezing, staying secure even when the wind picks up on outdoor hikes.",2026-05-13,0.5683,positive
review-167,Outdoor sun hat Camping - Bucket Hat-Mountaineering Cap Fishing CapOut Breathable Comfortable Unisex,"Quality: 10/10 Suitability: 10/10 Appearance: 10/10 Ang ganda ng quality, panalo. Tapos ang bilis at nag sesend si seller ng picture bago ipa ship out. Thumbs up👍 Oorder pako soon ng mga iba pang kulay.",2023-09-01,0.6602,positive
review-168,Outdoor sun hat Camping - Bucket Hat-Mountaineering Cap Fishing CapOut Breathable Comfortable Unisex,"Quality: The hat feels well-made and decent 'yong material, makapal. Hindi siya mabigat and comfortable suotin even for longer time. Appearance: I like the design because simple lang but looks nice when worn. Same siya sa photos and easy to match with casual outfits. Suitability: It fits well and okay gamitin outdoors. Comfortable siya suotin and useful especially pag maaraw.",2026-02-21,0.4902,positive
review-169,Outdoor sun hat Camping - Bucket Hat-Mountaineering Cap Fishing CapOut Breathable Comfortable Unisex,Quality: good Appearance: nice Suitability: suitable Satisfied and happy buyer. Ordered items arrived as expected on the estimated time of delivery. All complete and correct variations. No damages. Thank you seller for an affordable yet quality and effective price worthy products.,2023-06-02,0.4419,positive
review-170,Outdoor sun hat Camping - Bucket Hat-Mountaineering Cap Fishing CapOut Breathable Comfortable Unisex,Quality: 10/10 Appearance: Cool 😎😎😎 Suitability: Outdoor 🤘🤘🤘 Very cool ung Color lambot pa ng tela Hindi mainit sa ulo.. Salamat Pala sa Seller napaka Accommodating at sa Shopee at sa Rider gabi na hinatid 😂😂😂,2025-01-28,0.6833,positive
review-171,Outdoor sun hat Camping - Bucket Hat-Mountaineering Cap Fishing CapOut Breathable Comfortable Unisex,Quality: maganda hindi masyadong mainit since merong ventilation din kaht papano.( nasuot ko na kaninang tanghali) Appearance: Goods na goods Suitability: maganda for outdoor activities lalong lalo na ngayon tag init.,2026-06-04,0.4378,positive
review-172,Outdoor sun hat Camping - Bucket Hat-Mountaineering Cap Fishing CapOut Breathable Comfortable Unisex,Quality: Very Thick Appearance: Casual Suitability: Good For Catching Fish and Camping Ganda ng tela makapal at masarap isuot magagamit ko sya either sa galaan or pag aakyat ng bundok nagustuhan ko sobra,2026-03-29,0.5109,positive
review-173,Outdoor sun hat Camping - Bucket Hat-Mountaineering Cap Fishing CapOut Breathable Comfortable Unisex,Quality: very good po nic3 po yong tela.. 👏👏 Appearance: very nice po.. Suitability: good product Salamat po sa seller.. Kahit nasa cebu ako mabilis name dumating ng parcel.. Salamat shoppeee,2023-07-12,0.6684,positive
review-174,Outdoor sun hat Camping - Bucket Hat-Mountaineering Cap Fishing CapOut Breathable Comfortable Unisex,"Dumating na parcel in good condition the product were checked and found okay, sulit legit quality over price sa uulitin. Thank you, shopee Kay Seller, at Kay's delivery driver.",2025-08-12,0.6078,positive
review-175,Outdoor sun hat Camping - Bucket Hat-Mountaineering Cap Fishing CapOut Breathable Comfortable Unisex,Quality: thick and durable Comfort: breathable mesh keep cool Appearance: great I received my order complete no damages thank you for fast shipping very satisfied with this product 💕,2026-06-24,0.5631,positive
review-176,Outdoor sun hat Camping - Bucket Hat-Mountaineering Cap Fishing CapOut Breathable Comfortable Unisex,Inorder ko ng 6/6/22. 2days lang dumating na agad. Ang ganda waway at ng tela nito. Salamat seller sobrang nagustuhan ko. 🙂👍,2022-06-08,0.6208,positive
review-177,Outdoor sun hat Camping - Bucket Hat-Mountaineering Cap Fishing CapOut Breathable Comfortable Unisex,Items are complete and packed well. Satisfied of my purchase. Happy customer here. Recommended seller and products 👍,2025-11-05,0.562,positive
review-178,Outdoor sun hat Camping - Bucket Hat-Mountaineering Cap Fishing CapOut Breathable Comfortable Unisex,"Quality: The hat feels durable and the fabric is thick and comfortable. Appearance: The design looks trendy and matches well with casual outfit. Suitability: It fits well during hiking, camping and fishing avtivities. Thank you seller for the nice and legit product.. till mu next purchased from your store",2026-06-05,0.661,positive
review-179,Outdoor sun hat Camping - Bucket Hat-Mountaineering Cap Fishing CapOut Breathable Comfortable Unisex,Appearance: great Suitability: hiking and outside activities Quality: 9/10 Mura pero sulit. Maganda ang quality. Muka syang premium. Thanks seller. Might buy again. Fast shipping and delivery,2025-12-15,0.687,positive
review-180,Outdoor sun hat Camping - Bucket Hat-Mountaineering Cap Fishing CapOut Breathable Comfortable Unisex,"Suitability: very good Quality: makapapal naman ang tela nya Appearance: maganda sya at naporma Super bilis dumating ng items, Wala pang 2 two days na-recieve ko na. Thank you very much seller",2024-10-29,0.6757,positive
review-181,Outdoor sun hat Camping - Bucket Hat-Mountaineering Cap Fishing CapOut Breathable Comfortable Unisex,"Suitability: fit Appearance: very good Quality: very good Very good item, thick,fine threads, good in appearance & fit well.i recommend this",2024-04-13,0.6532,positive
review-182,Outdoor sun hat Camping - Bucket Hat-Mountaineering Cap Fishing CapOut Breathable Comfortable Unisex,"Quality: the fabrics loooks like the original seven colors Comfort: soft to skin Appearance: perfect design and i love and like it. 👍👍👍 Im very satisfied with this fabrics.... Parang original talaga, di kayo magsisisi guys. Kaya, bili na kayo. ♥️♥️♥️👍👍👍",2026-07-16,0.676,positive
review-183,Outdoor sun hat Camping - Bucket Hat-Mountaineering Cap Fishing CapOut Breathable Comfortable Unisex,Quality: Very Good Appearance: Very Good Suitability: Very Good Received the parcel. Very fast delivery. Thanks to the Seller I will give you 5 Star and also to the Rider Jonel Berin for fast delivery... Salute to you both... Very nice hat. I will recommend this to all my fellow Airsofters...,2023-12-19,0.6554,positive
review-184,Outdoor sun hat Camping - Bucket Hat-Mountaineering Cap Fishing CapOut Breathable Comfortable Unisex,Quality: Very Good Appearance: Perfect Suitability: Excellent Received item in good condition. Very functional and affordable. Made of good quality material and craftmanship. Highly recommended.,2026-05-19,0.6988,positive
review-185,Outdoor sun hat Camping - Bucket Hat-Mountaineering Cap Fishing CapOut Breathable Comfortable Unisex,"Quality: Thick and Durable Appearance: The design looks good Suitability: Good for fishing,hiking and camping I received my order in good condition maraming salamat seller and kuya rider.",2026-04-07,0.6842,positive
review-186,Outdoor sun hat Camping - Bucket Hat-Mountaineering Cap Fishing CapOut Breathable Comfortable Unisex,"Quality: Good Comfort: Good! Appearance: Awesome The hat arrived in good condition and looks just like the pictures. The quality is nice, it fits well and it was packaged properly. Delivery was smooth, and I'm happy with my purchase. Thank you seller for the great product, and thank you kuya driver for delivering it safely. Highly recommended!",2026-07-04,0.714,positive
review-187,Outdoor sun hat Camping - Bucket Hat-Mountaineering Cap Fishing CapOut Breathable Comfortable Unisex,Quality: makapal matibay Ang pagkakagawa. Appearance: maganda Ang design Suitability: sakto sa ulo ko at comportable isuot. may mga vents kaya d masyadong mainit. bibili ulit ako. salamat seller,2026-04-06,0.6591,positive
review-188,Outdoor sun hat Camping - Bucket Hat-Mountaineering Cap Fishing CapOut Breathable Comfortable Unisex,"Ordered June 30 recvd July 2. Second order nato Yun 1st kasi binigay ni hubby ke PPA. They both love it. It fits them well too. Twinning sila sa color heheeh Ty seller, thanks kuya courier. Salamat Shopee 😁✌️😄👍",2022-07-04,0.5135,positive
review-189,Outdoor sun hat Camping - Bucket Hat-Mountaineering Cap Fishing CapOut Breathable Comfortable Unisex,Quality: goods na goods Suitability: sakto na sakto Appearance: magandang maganda Thank you dito ang ganda sa murang halaga.,2025-06-24,0.68,positive
review-190,Outdoor sun hat Camping - Bucket Hat-Mountaineering Cap Fishing CapOut Breathable Comfortable Unisex,Quality: good Appearance: nice Suitability: good Salamat po seller shopee.na late mag rate..namiwas pa kc ako.ganda gamitin mukang matibay laban sa initan mamaiwas.salamat po ulit at sa rider salamat palagi,2025-08-26,0.5926,positive
review-191,Outdoor sun hat Camping - Bucket Hat-Mountaineering Cap Fishing CapOut Breathable Comfortable Unisex,5⭐ SOBRANG GANDA AT ANG KAPAL NANG TELA WALANG DAMAGE AYOS NA AYOS ANG PAGKAKA PACK ⭐⭐⭐⭐⭐ ORDER KAMI ULIT,2022-06-22,0.5851,positive
review-192,Outdoor sun hat Camping - Bucket Hat-Mountaineering Cap Fishing CapOut Breathable Comfortable Unisex,Orders received in excellent condition. Items are securely packaged with bubble wrap. Very fast delivery.,2022-02-28,0.7361,positive
review-193,Outdoor sun hat Camping - Bucket Hat-Mountaineering Cap Fishing CapOut Breathable Comfortable Unisex,Appearance: nice Quality: excellent quality The items arrived earlier than the expected date and are very well packed. Thank you very much seller. I will surely order again from this store.,2022-10-16,0.4656,positive
review-194,Outdoor sun hat Camping - Bucket Hat-Mountaineering Cap Fishing CapOut Breathable Comfortable Unisex,"Quality: soft,smooth Appearance: tactical Suitability: suits my head thank you seller sa item..malambot ung tela at maganda xq..gang sa susunod na order..maraming salamat .more customers and orders soon..thank you kay jeff na nagdeliver.",2026-05-15,0.5755,positive
review-195,Outdoor sun hat Camping - Bucket Hat-Mountaineering Cap Fishing CapOut Breathable Comfortable Unisex,"Quality: thick fabric Appearance: neutral, matches all outfits Suitability: good for camping and daily use didn't expect na makapal sha. i like the fabric! also the color. maganda din gamitin everyday and kasya and sakto lang din kahit 5 years old gumamit.",2026-05-08,0.5833,positive
review-196,Outdoor sun hat Camping - Bucket Hat-Mountaineering Cap Fishing CapOut Breathable Comfortable Unisex,Quality: durable Appearance: trendy Suitability: fits well Maganda padalawang order ko na yung una ay black then nagkastock ng tan kaya nag order ako kagad. Nagustuhan ng partner ko kasi sakto lang yung lapad nya hindi OA,2026-05-02,0.5238,positive
review-197,Outdoor sun hat Camping - Bucket Hat-Mountaineering Cap Fishing CapOut Breathable Comfortable Unisex,The hat feels durbalr and the fabric is thick and comfortable.,2026-06-06,0.6667,positive
review-198,Outdoor sun hat Camping - Bucket Hat-Mountaineering Cap Fishing CapOut Breathable Comfortable Unisex,Quality: good Suitability: 10/10 Appearance: very nice Received the item with no damage and shipped immediately thank you seller and kuya rider very responsible,2025-04-17,0.7056,positive
review-199,Outdoor sun hat Camping - Bucket Hat-Mountaineering Cap Fishing CapOut Breathable Comfortable Unisex,Appearance: okie sa owrayt Quality: okie din sa owrayt sulit angas! bilis dumating.. ginamit ko agad😁😁.. salamat shopee!,2022-09-23,0.6732,positive
review-200,Outdoor sun hat Camping - Bucket Hat-Mountaineering Cap Fishing CapOut Breathable Comfortable Unisex,Suitability: wow this is good for me 😋 Quality: yes it is 😃 Appearance: ok also po 🙂 Thanks shopee Thanks store Thanks free shipping discount as well Thanks for delivery company Thanks for rider,2025-09-18,0.5911,positive
review-201,Outdoor sun hat Camping - Bucket Hat-Mountaineering Cap Fishing CapOut Breathable Comfortable Unisex,Quality: very good condition and quality Appearance: appearance great Suitability: very suitable Nice fabric Meet my expectation Fast delivery No damage,2025-05-07,0.7101,positive
review-202,Outdoor sun hat Camping - Bucket Hat-Mountaineering Cap Fishing CapOut Breathable Comfortable Unisex,Quality: The hat feels durable and the material looks very good. Appearance: The design looks trendy and feels good to wear with casual wear. Suitability: It fits well with camping and outdoor activities. Looks very good. Love the design and fit of the product. This is what I am looking for. It will help with the current heat.,2026-05-22,0.6296,positive
review-203,Outdoor sun hat Camping - Bucket Hat-Mountaineering Cap Fishing CapOut Breathable Comfortable Unisex,"Galing naman ni seller nag chat Muna Bago I pack ang item sinuguro nyang Tama ba order ko, maraming salamat po ma'm/sir 5 stars to Sakin makapl ang tela at maayos lahat,God bless po",2024-06-30,0.4872,positive
review-204,Plain Polo For Men Fashion Casual Cotton Short Sleeve Shirt Mens Formal Polo Shirt,Appearance: Good Material Quality: Good Colour: Good The clothes arrived completely and without damage. They fit well to my son. The material is also good. No damage at all.,2024-12-20,0.5804,positive
review-205,Plain Polo For Men Fashion Casual Cotton Short Sleeve Shirt Mens Formal Polo Shirt,Medium size and fits perfectly kay hubby at papa. Mura yet ang ganda ng quality.,2025-03-23,0.6491,positive
review-206,Plain Polo For Men Fashion Casual Cotton Short Sleeve Shirt Mens Formal Polo Shirt,Appearance: maganda presentable Colour: maganda yung kulay tama nmn yung bigay ji seller Material Quality: sakto lang yung kapal at nipis ng tela see picture po pra sa size nya kung medjo alangain kayo. medium po yang kinuha ko,2025-02-22,0.4737,positive
review-207,Plain Polo For Men Fashion Casual Cotton Short Sleeve Shirt Mens Formal Polo Shirt,Material Quality: good Colour: not faded Appearance: nice Maganda ang allowance nito sa partner ko ginamit na nya pang church. Nagustuhan nya at di nya expect na maganda ang quality. Di sya makapal o manipis pero mas okay to kapag magsusuot ng inner sando.,2024-11-15,0.4737,positive
review-208,Plain Polo For Men Fashion Casual Cotton Short Sleeve Shirt Mens Formal Polo Shirt,Colour: Light blue Material Quality: Good The plaim polo shirt is good. I bought the light blue color and the size is XL which is quite nice. It fits perfectly. I will buy again on sale.,2025-09-17,0.5846,positive
review-209,Plain Polo For Men Fashion Casual Cotton Short Sleeve Shirt Mens Formal Polo Shirt,"Material Quality: Very good Appearance: Convincing Colour: Light blue Received already with no damage, thank you very seller for fast delivery and very good item, thank you shopee and rider⭐⭐⭐⭐⭐ ...",2024-10-07,0.6452,positive
review-210,Plain Polo For Men Fashion Casual Cotton Short Sleeve Shirt Mens Formal Polo Shirt,I have received my parcel. I am very happy because this item is good. You will not regret buying it because it has really nice quality. I recommend this shop. Thank you,2025-06-21,0.6069,positive
review-211,Plain Polo For Men Fashion Casual Cotton Short Sleeve Shirt Mens Formal Polo Shirt,Material Quality: cotton Colour: white Received all the items completely Affordable and quality fits for its price Light cotton Packed well Fast delivery All in good condition so far Thank you seller Till my next purchase 💚,2025-08-06,0.6587,positive
review-212,Plain Polo For Men Fashion Casual Cotton Short Sleeve Shirt Mens Formal Polo Shirt,"Appearance: very nice Colour: very nice Material Quality: very good The seller is very accommodating. My parcel is arrived on time. The product has a very nice appearance and color, and has a very good quality.",2025-04-19,0.6829,positive
review-213,Plain Polo For Men Fashion Casual Cotton Short Sleeve Shirt Mens Formal Polo Shirt,Appearance: 10/10 Material Quality: 10/10 Colour: White The item is good and the seller is trustworthy ♥️,2025-11-06,0.726,positive
review-214,Plain Polo For Men Fashion Casual Cotton Short Sleeve Shirt Mens Formal Polo Shirt,"Appearance: pretty Colour: gray Material Quality: good Received my parcel today Plain Polo For Men Fashion Casual Cotton Short...Gray,XXL.Rate 5 stars, good quality & Pretty gray Cotton polo For my grandson comfy to wear. Fast delivery Well bubble wrap.packed.Accommidating Seller And SPX Express rider.",2025-07-13,0.5575,positive
review-215,Plain Polo For Men Fashion Casual Cotton Short Sleeve Shirt Mens Formal Polo Shirt,"Material Quality: okay Colour: dark blue Appearance: nice Thanks seller sa right size and color na pinadala mo, salamat din sa courier dumating ng walang damage Ang mga item",2024-10-04,0.3827,positive
review-216,Plain Polo For Men Fashion Casual Cotton Short Sleeve Shirt Mens Formal Polo Shirt,"Good day seller, thank you so much for thhe complete items...its a big wow items.....quality was so good...am very happy for all of my purchased",2023-08-06,0.5778,positive
review-217,Plain Polo For Men Fashion Casual Cotton Short Sleeve Shirt Mens Formal Polo Shirt,Colour: Dark blue Appearance: nice Material Quality: good I really love this polo for my son ....satisfied customer here..Thanks seller shopee and rider,2025-07-10,0.6524,positive
review-218,Plain Polo For Men Fashion Casual Cotton Short Sleeve Shirt Mens Formal Polo Shirt,Colour: Good Material Quality: Fair Appearance: Good ayus na po sa presyu na salamat seller,2025-05-09,0.6667,positive
review-219,Plain Polo For Men Fashion Casual Cotton Short Sleeve Shirt Mens Formal Polo Shirt,Appearance: looks neat and stylish when worn Colour: colours are exactly as the photo,2026-06-25,0.3478,positive
review-220,Plain Polo For Men Fashion Casual Cotton Short Sleeve Shirt Mens Formal Polo Shirt,"Appearance: maganda tela Colour: skyblue, what you see is what you get Ang ganda pang formal",2026-06-27,0.7183,positive
review-221,Plain Polo For Men Fashion Casual Cotton Short Sleeve Shirt Mens Formal Polo Shirt,Appearance: The polo looks neat and stylish. Colour: The colour are exactly as shown in the photo.,2026-06-26,0.6842,positive
review-222,Plain Polo For Men Fashion Casual Cotton Short Sleeve Shirt Mens Formal Polo Shirt,Appearance: Good Material Quality: Nice Colour: Super white Very nice quality and also perfect for school uniform or formal event.,2025-04-08,0.6898,positive
review-223,Plain Polo For Men Fashion Casual Cotton Short Sleeve Shirt Mens Formal Polo Shirt,Thank you so much seller for the complete items.... Correct color and sizes... Plain polo for men fashion casual cotton was so nice...,2023-09-27,0.4071,positive
review-224,Plain Polo For Men Fashion Casual Cotton Short Sleeve Shirt Mens Formal Polo Shirt,"Colour: Gray Material Quality: Okay Appearance: Good I think for its price, pwede na. Saktong sakto lang din sa akin, I'm 5'6 and 52kgs and large ang pinili ko btw. Mabilis ang na-deliver.",2025-11-17,0.5,positive
review-225,Plain Polo For Men Fashion Casual Cotton Short Sleeve Shirt Mens Formal Polo Shirt,Colour: Dark and Light Blue Material Quality: Cotton Appearance: Good I like the polo shirt. Its so comfortable and soft on the skin. Plus the product was delivered fast. Thanks seller.,2025-03-24,0.3443,positive
review-226,Plain Polo For Men Fashion Casual Cotton Short Sleeve Shirt Mens Formal Polo Shirt,"Colour: black, gray, light blue, navy blue Material Quality: goods to it's price Appearance: no damage, in good condition All sizes are large , however the navy blue polo seems a bit larger than the other 3 polo with the same size, see picture",2024-11-04,0.6139,positive
review-227,Plain Polo For Men Fashion Casual Cotton Short Sleeve Shirt Mens Formal Polo Shirt,Colour: Exact what I need Material Quality: Very Quality Appearance: Good ...,2025-11-10,0.6774,positive
review-228,Plain Polo For Men Fashion Casual Cotton Short Sleeve Shirt Mens Formal Polo Shirt,Appearance: very nice Colour: light blue size.M Material Quality: light cotton Maganda ang quality nya sakto lng ito sa binata ko sure ko magugustyhan nya to.. thank yoo seller thank you shoppee god bless and more sale to come 🫰🫰🫰💜,2025-02-14,0.6509,positive
review-229,Plain Polo For Men Fashion Casual Cotton Short Sleeve Shirt Mens Formal Polo Shirt,"Appearance: maganda Material Quality: matibay Colour: perfect Ganda nito nagustuhan ng partner ko. Tamang tama dumating cya ngayon, may susuotin cya bukas pang family date namin kasi valentines. Exceed my expectations 😍",2025-02-13,0.5775,positive
review-230,Plain Polo For Men Fashion Casual Cotton Short Sleeve Shirt Mens Formal Polo Shirt,"Appearance: very good Material Quality: very good Colour: very good thank you shoppee thank you seller thank you delivery rider kudos,,,,",2025-06-30,0.6891,positive
review-231,Plain Polo For Men Fashion Casual Cotton Short Sleeve Shirt Mens Formal Polo Shirt,Material Quality: 9/10 Appearance: nice Colour: good Tamang Kulay ang dumating.. worth for its price 🫰🏻🫶🏻 thanks seller..,2025-01-27,0.6818,positive
review-232,Plain Polo For Men Fashion Casual Cotton Short Sleeve Shirt Mens Formal Polo Shirt,Material Quality: good Colour: light blue Appearance: good Order received bilis lang dumating ok Naman Ang damit ..thank u seller,2025-05-17,0.6364,positive
review-233,Plain Polo For Men Fashion Casual Cotton Short Sleeve Shirt Mens Formal Polo Shirt,"Appearance: very neat and Stylish Colour: colors as described, what you see is what you get Thank you seller and rider. Item/s shipped fast and well packed. Hope it will last for a long long time.",2026-01-11,0.6668,positive
review-234,Plain Polo For Men Fashion Casual Cotton Short Sleeve Shirt Mens Formal Polo Shirt,Appearance: exactly as advertised Material Quality: not too thin nor too thick Colour: no issues Very fast delivery,2025-02-10,-0.3056,negative
review-235,Plain Polo For Men Fashion Casual Cotton Short Sleeve Shirt Mens Formal Polo Shirt,"Colour: White, gray I received my parcel complete and well packed . I ordered white and gray both xl size. The polos are good quality, made of light material so its comfortable to wear.",2025-12-05,0.4737,positive
review-236,Plain Polo For Men Fashion Casual Cotton Short Sleeve Shirt Mens Formal Polo Shirt,"Material Quality: 9 Appearance: 9 Colour: 9 First, I like the product. The material quality is good, the appearance is also, and color is exactly what I want. Thank you seller for this.",2025-08-11,0.4828,positive
review-237,Plain Polo For Men Fashion Casual Cotton Short Sleeve Shirt Mens Formal Polo Shirt,"Appearance: skto ang kulay,Nd matamlay Colour: mgnda sya sa mta Material Quality: Cotton sya Professor ang dting kht simpleng gadering lang",2024-12-04,0.6429,positive
review-238,Plain Polo For Men Fashion Casual Cotton Short Sleeve Shirt Mens Formal Polo Shirt,Appearance: good Colour: good Material Quality: good Thank you seller ganda ng tela...thank you din sa rider approachable,2023-11-13,0.6682,positive
review-239,Plain Polo For Men Fashion Casual Cotton Short Sleeve Shirt Mens Formal Polo Shirt,Appearance: Good Material Quality: Thin Fabric Colour: Gray Okay naman sya. Kasya sya sa kapatid kong 90kg pwede na din for the price for everyday use. Superb!!,2025-05-21,0.625,positive
review-240,Plain Polo For Men Fashion Casual Cotton Short Sleeve Shirt Mens Formal Polo Shirt,Sayang kasi May stain siya di natatagal kahit nilabhan ko na. Dapat inspect well bago ipadala,2025-02-26,-0.6,negative
review-241,Plain Polo For Men Fashion Casual Cotton Short Sleeve Shirt Mens Formal Polo Shirt,Appearance: 3 Material Quality: 3 Colour: 3 Pangit pala ang tela madali mangitim,2025-02-15,-0.7368,negative
review-242,Plain Polo For Men Fashion Casual Cotton Short Sleeve Shirt Mens Formal Polo Shirt,"Material Quality: good Appearance: poor Colour: good pangit ang tahe, piliipet ang polo tapos hindi mag kasing haba ang manggas, ok lang sana pangit tela dahil mura lang basta sana maganda pagkakagawa, kaso pangit pag gawa",2025-07-04,-0.2969,negative
review-243,Plain Polo For Men Fashion Casual Cotton Short Sleeve Shirt Mens Formal Polo Shirt,Material Quality: bad Appearance: bad Product: Poor quality hindi ko alam kung totoo ang mga reviews dito..Yung narecieve ko kasi parang tela ng sako ng harina...I know na mura xa pero I expected a much better quality more than its price.. I am disapppinted.. hindi ko alam if i susuot ko pa yun or hindi na...sayang ang pera..,2025-04-16,-0.4477,negative
review-244,Plain Polo For Men Fashion Casual Cotton Short Sleeve Shirt Mens Formal Polo Shirt,Appearance: not good Colour: good Not to 2xl xl only I'm sorry seller fabric is good but quality is not good,2026-06-09,-0.1837,negative
review-245,Plain Polo For Men Fashion Casual Cotton Short Sleeve Shirt Mens Formal Polo Shirt,"Material Quality: sobrang manipis ang tela, hindi worth iy sa presyo nya. sobrang liit, hindi naman ganito ang sukt ng XXL Product: Item Not as Described hindi maganda quality, manipis at maliit ang size",2026-08-03,-0.6471,negative
review-246,Plain Polo For Men Fashion Casual Cotton Short Sleeve Shirt Mens Formal Polo Shirt,"Material Quality: matigas, not true to size Appearance: boyset! Colour: kulay itim naman",2024-10-31,-0.6875,negative
review-247,Plain Polo For Men Fashion Casual Cotton Short Sleeve Shirt Mens Formal Polo Shirt,"Product: Poor quality Parang hindi large sobrang liit, sayang lang pera ko sainyo!😠",2025-07-23,-0.5413,negative
review-248,Plain Polo For Men Fashion Casual Cotton Short Sleeve Shirt Mens Formal Polo Shirt,Colour: the colour is right Appearance: is okay Material Quality: mainit tela I ordered 2XL but its not 2XL the tag says 2XL but the shirt is pang L.,2024-05-06,-0.633,negative
review-249,Plain Polo For Men Fashion Casual Cotton Short Sleeve Shirt Mens Formal Polo Shirt,Apaka liit Ng large NYO po .sorry pero katangahan po ang 15½ na collar para sa large size. Masyadong ma liit ang large. Pambaya ba Yang binibinta NYO .MGA baliw,2025-08-19,-0.7112,negative
review-250,Plain Polo For Men Fashion Casual Cotton Short Sleeve Shirt Mens Formal Polo Shirt,"Product: Item Not as Described, Defective/Damaged Item kapag unorder ka ng med at large iisang sukat lang so para saan pa ung size kung pareho lang ng sukat taz ung seller unresponsive ayaw din ng return refund",2025-09-03,-0.619,negative
review-251,Plain Polo For Men Fashion Casual Cotton Short Sleeve Shirt Mens Formal Polo Shirt,"Wala akong narerecieve , nirecieve order q lng pra makapg rate aq . Nakalgay s aps kumplte order na . Tas tintanong q sa seller kng pde makuha nmber ng rider dhil di nman aq kinuntak ng rider s nmber q .sayang ang pera",2025-03-04,-0.6429,negative
review-252,Plain Polo For Men Fashion Casual Cotton Short Sleeve Shirt Mens Formal Polo Shirt,PAG LARGE ORDER MO MALIIT PAG XL NAMAN SOBRANG PAKI elluz0428,2025-01-25,0.0,neutral
review-253,Plain Polo For Men Fashion Casual Cotton Short Sleeve Shirt Mens Formal Polo Shirt,Product: Poor quality Hindi maganda ang tahi tastas sa likod poor quality,2026-07-08,-0.7143,negative
review-254,Plain Polo For Men Fashion Casual Cotton Short Sleeve Shirt Mens Formal Polo Shirt,maliit ang size xxl pero parang pang small or medium size lng,2024-11-29,0.3103,positive
review-255,Plain Polo For Men Fashion Casual Cotton Short Sleeve Shirt Mens Formal Polo Shirt,NOT TRUE TO SIZE. MY SIZE IS XL I ordered XXL but feels like L,2024-10-21,0.0,neutral
review-256,Plain Polo For Men Fashion Casual Cotton Short Sleeve Shirt Mens Formal Polo Shirt,Appearance: Product is not good. Do not buy from this shop. Product: Poor quality,2026-04-28,-0.5312,negative
review-257,Plain Polo For Men Fashion Casual Cotton Short Sleeve Shirt Mens Formal Polo Shirt,Colour: 1/10 Appearance: 1/10 Material Quality: 1/10 POLO ANG NASA PICTURE . AT HINDI RIN LONG SLEEVE POLO ORDER NAMIN. MALI KAYO NG PINADALA,2026-01-23,-0.7037,negative
review-258,Plain Polo For Men Fashion Casual Cotton Short Sleeve Shirt Mens Formal Polo Shirt,Product: Item Not as Described AMBAGAL PA NILANG MAG REFUND. 1 WEEK NA PERO WALA PARIN ANO BAYAN.,2026-09-05,-0.2,negative
review-259,Plain Polo For Men Fashion Casual Cotton Short Sleeve Shirt Mens Formal Polo Shirt,Material Quality: sapat lng sa presyo Colour: maling kulay ang pinadala ni seller Dark blue order ko. black pinadala Appearance: sapat lng sa presyo,2025-08-23,0.5833,positive
review-260,Plain Polo For Men Fashion Casual Cotton Short Sleeve Shirt Mens Formal Polo Shirt,Material Quality: poor quality Colour: not accurate Appearance: poor Not accurate in size (too small) compared to the standard sizes,2024-05-16,-0.6721,negative
review-261,Plain Polo For Men Fashion Casual Cotton Short Sleeve Shirt Mens Formal Polo Shirt,Colour: dark blue Material Quality: maganda ang tel Appearance: maliit ang size Maliit ang size nya para lang sya small,2025-03-12,0.7297,positive
review-262,Plain Polo For Men Fashion Casual Cotton Short Sleeve Shirt Mens Formal Polo Shirt,"Punit agad,🙄 Tapos ang nipis Ng tela",2026-03-04,-0.6341,negative
review-263,Plain Polo For Men Fashion Casual Cotton Short Sleeve Shirt Mens Formal Polo Shirt,Product: Defective/Damaged Item may kalawang,2025-07-26,-0.7273,negative
review-264,Plain Polo For Men Fashion Casual Cotton Short Sleeve Shirt Mens Formal Polo Shirt,Colour: pangit Product: Poor quality,2025-08-18,-0.726,negative
review-265,Plain Polo For Men Fashion Casual Cotton Short Sleeve Shirt Mens Formal Polo Shirt,maliit Ang sizes Ng polo nakakadismaya,2025-10-04,-0.7297,negative
review-266,Plain Polo For Men Fashion Casual Cotton Short Sleeve Shirt Mens Formal Polo Shirt,Hindi pantay sukat,2025-10-10,-0.6552,negative
review-267,Plain Polo For Men Fashion Casual Cotton Short Sleeve Shirt Mens Formal Polo Shirt,Appearance: pangit,2026-07-01,-0.7436,negative
review-268,Plain Polo For Men Fashion Casual Cotton Short Sleeve Shirt Mens Formal Polo Shirt,Product: Poor quality Manipis ang tela,2026-01-20,-0.6364,negative
review-269,Plain Polo For Men Fashion Casual Cotton Short Sleeve Shirt Mens Formal Polo Shirt,Material Quality: manipis Appearance: ok not so ok,2024-04-15,-0.4,negative
review-270,Plain Polo For Men Fashion Casual Cotton Short Sleeve Shirt Mens Formal Polo Shirt,Ang liit ng size 😭😭 di kasya sayang tuloy,2026-02-23,-0.5238,negative
review-271,Plain Polo For Men Fashion Casual Cotton Short Sleeve Shirt Mens Formal Polo Shirt,Expectation vs reality small size,2025-08-14,-0.6667,negative
review-272,Plain Polo For Men Fashion Casual Cotton Short Sleeve Shirt Mens Formal Polo Shirt,Appearance: Low Quality Sobrang nipis 🤣,2026-01-16,-0.6078,negative
review-273,Plain Polo For Men Fashion Casual Cotton Short Sleeve Shirt Mens Formal Polo Shirt,Hindi maganda,2025-04-09,-0.7222,negative
review-274,Plain Polo For Men Fashion Casual Cotton Short Sleeve Shirt Mens Formal Polo Shirt,Napaka layo sa itsura,2026-04-26,-0.6721,negative
review-275,Plain Polo For Men Fashion Casual Cotton Short Sleeve Shirt Mens Formal Polo Shirt,Product: Item Not as Described My order is 2pcs he send me one items,2025-08-17,-0.7222,negative
review-276,Plain Polo For Men Fashion Casual Cotton Short Sleeve Shirt Mens Formal Polo Shirt,Wrong item. Delivered long sleeve.,2023-11-14,-0.7143,negative
review-277,Plain Polo For Men Fashion Casual Cotton Short Sleeve Shirt Mens Formal Polo Shirt,Product: Poor quality Ang nipis,2025-06-22,-0.6364,negative
review-278,Plain Polo For Men Fashion Casual Cotton Short Sleeve Shirt Mens Formal Polo Shirt,Product: Poor quality Too small For XL,2026-03-15,-0.7059,negative
review-279,Plain Polo For Men Fashion Casual Cotton Short Sleeve Shirt Mens Formal Polo Shirt,"Product: Defective/Damaged Item, Poor quality",2025-04-13,-0.7345,negative
review-280,Plain Polo For Men Fashion Casual Cotton Short Sleeve Shirt Mens Formal Polo Shirt,Product: Poor quality,2026-06-09,-0.7059,negative
review-281,Unknown Product,"Colour: Beige Material Quality: Thick Appearance: Aesthetic Ayos tong pants na to pamorma. Maganda ipair sa light colors na top. Kasya din yung 32 sakin, need lang ng belt. For reference, height is 5’6 weight is 58kg. Thank you seller and rider.",2025-03-07,0.6951,positive
review-282,Unknown Product,"Material Quality: Good Appearance: Good Colour: Good Maganda sya guys saktong sakto, pag nakita nyo tong comment ko matic go na! Heheh halla angganda talaga sobrang type ko angsaya kase nahanap kona tong sakto saken😍❤️",2025-02-03,0.6599,positive
review-283,Unknown Product,"Material Quality: Maganda Appearance: Maong Colour: Black What you ee is what you get. Wide leg talaga. Sobrang ganda. Order ulit ako ng iba pang kulay.....soon. Tama lng din ang haba niya sa height kong 5'1"".😂😂 Similar Product Review icon help",2025-07-13,0.7462,positive
review-284,Unknown Product,"Colour: amazing Material Quality: good Appearance: nice great quality pants and it's high waisted, legit shop. true to size din sya super ganda nya and comfortable at the same time.",2024-12-18,0.6669,positive
review-285,Unknown Product,I love this pants! chubby ako I guess ung waistline ko is between 33-34 pero kinaya naman hindi na ko nag adjust talaga ng size which is bigger kasi nagda diet ako. so maganda naman ung pants bbili ako ulit for sure! thanks seller!,2024-06-20,0.6927,positive
review-286,Unknown Product,Thank you seller ang Ganda po nong pants po very accommodating si seller I love the packeging specially the item pinag pa liitan ko nalang yung sa waist nya Kasi Hindi kasya actually sinadya ko naman talaga na malaki yung size para maging baggy sakin yung pants thank you thank you I will order again,2024-06-19,0.5673,positive
review-287,Unknown Product,Colour: Beige Material Quality: 10/10 Appearance: 10/10 Yayyyy I am so happy that I ordered this pants. So pretty and neat and looks elegant. You can pair it with any tops😍 Thank you seller. I'll definitely buy again from this shop✨.,2026-01-16,0.6369,positive
review-288,Unknown Product,Colour: black 🖤 Appearance: good quality Material Quality: like jeans 😑 Maganda po siya Petite friendly Po Hndi gaano ka haba Tama lang Highwaisted siya Size 25 fits good namn d maluwag,2025-07-07,0.2857,positive
review-289,Unknown Product,Appearance: good Colour: correct Material Quality: Excellent! Super ganda ng tela soft maong. Super comfy rin for me na hindi mahilig sa fitted pants. I ordered size 27 pero medyo maluwag pa ng super konti lang naman at madadala sa sinturon. Over all its 100/10 for me! Kakaorder ko lang naship out agad at kinabukasan andito agad grabe ganon kabilis service.,2022-09-11,0.747,positive
review-290,Unknown Product,"Colour: perfect Material Quality: excelent Appearance: almost perfect The high waist pants is very suitable with my body, for me it is perfect with my taste. Thank you seller",2024-10-18,0.6809,positive
review-291,Unknown Product,Colour: accurate Material Quality: denim super nice Appearance: what u see is what u get,2025-02-12,0.7154,positive
review-292,Unknown Product,Colour: The colours are tru to what I expected and match my preferences Appearance: The jeans look stylish and suit various outfits well. Good packaging. No damages. I Love the color and style! As seen on live! Thank you so much seller! Sa murang price may bago at pasok sa trend ka ng pants! Very stylish! Will order again pag may budget na ulet! I recommend this shop!❣️ Thank you delivery rider! And most of it Salamat Shopee ❣️,2026-02-06,0.6578,positive
review-293,Unknown Product,"Appearance: Nice Material Quality: Good Colour: What you see is what you get I received the items in good condition. It was not delivered in scheduled date but it's ok. I love the quality and color of the pants. It's really high waist and what you see in the picture is the item that you will get. Also, its too large for me but I can put paha to suit it for me. I chatted the seller to send me a pic before it shipped but the seller didnt send.",2024-11-19,0.5041,positive
review-294,Unknown Product,"Colour: beige Material Quality: denim Appearance: nice i bought these together with the white pants. again, yhe product will never disappoint u, trust me. it's so niceeee. seller, i hope i will get discount when i buy again HAHAHA kidding aside, but if u want, i would love to char. thank you seller! May God Bless u with prosperity.",2025-08-25,0.7615,positive
review-295,Unknown Product,"Material Quality: Goods Colour: Light blue Saktong sakto sa size ko then abg ganda po, i think hindi sya gaanong ka stretchable pero goods parin lakas ng dating, ang ganda po salamat seller.. Pangalawang order q nato sana sa susunud may pa freebies na 😁",2025-06-20,0.6212,positive
review-296,Unknown Product,Thank you Shopee. Kudos kay seller 👏🏻👏 Sobrang safe nung product balot na balot sa bubble wrap. Mabilis na deliver. Tsaka ansipag ni boss delivery man. Kaya di ako mahihiyang magbigay ng 5⭐️⭐️⭐️⭐️⭐️,2022-04-08,0.6405,positive
review-297,Unknown Product,"Received after 2 days. I'm so happy sa item na to. Makakagalaw nako ng maayos, kasi lagi nalang skinny jeans pants ko 😓 I'm 28 and 5'6. I ordered 29 para may allowance pero malaki pala ang 29 need ng belt haha i think 27 siguro dapat inorder ko. Super worth it yung 199pesos dito. Oorder ulit ako❤️❤",2024-10-14,0.6816,positive
review-298,Unknown Product,"Colour: the color is nice Material Quality: good for its price Appearance: very pretty I think the size that was given to me is size 26-27 which is too big for my size, but it can be fix. The material that is used is just right for its price. The color is actually very pretty and also the appearance of the pants, i like the pockets because it is deep. The packaging is nice",2024-05-20,0.5536,positive
review-299,Unknown Product,Material Quality: good Colour: good Tama Yung kulay Appearance: good Dika mag sisisi,2024-09-20,0.6774,positive
review-300,Unknown Product,Colour: beige Material Quality: 10/10 Maganda ang fitting niya sa akin maganda rin ang material.🫶🏻 Will definitely buy again soooon 💝,2024-12-20,0.7268,positive
review-301,Unknown Product,Quality - worth the price Well-packaged items - ✅ Complete items and follow my orders - ✅ salamat po! GODBLESS,2024-06-16,0.5575,positive
review-302,Unknown Product,"Appearance: Same as advertised Material Quality: seems durable Colour: same as advertised Ordered yesterday, came in this afternoon! Fast transaction. Legit items and seller. Thank you seller and courier!",2023-09-10,0.6216,positive
review-303,Unknown Product,"Appearance: very good Colour: beige, brown, and blue Material Quality: very good quality material I like it so much! Exact size and the colors are pretty good. Comfortable to wear, highly recommend. Thank you so much seller!",2022-10-20,0.7138,positive
review-304,Unknown Product,"Bumagay sila sa akin at niyakap ang aking katawan sa lahat ng tamang lugar. Ang kalidad ay top-notch, at ang tela ay malambot at kumportable. 5 star para sayo seller!!",2024-05-14,-0.2857,negative
review-305,Unknown Product,Colour: brown 26 Material Quality: sow nice,2025-05-21,0.0476,neutral
review-306,Unknown Product,"Material Quality: 👌 Appearance: Good Colour: Beige second time ko na bumili ng pants dito at super satisfied pa rin sa quality, maganda siya for its price. talaga maaachieve mo ‘yung rule of thirds.",2024-08-10,0.4795,positive
review-307,Unknown Product,Colour: Same as advertised Material Quality: Not too thick and not too thin. Ganda Ordered September 3 and received the day after on the 4th. Ang bilis ng delivery.,2024-09-04,0.5833,positive
review-308,Unknown Product,"Third time ordering this kind of pants, and so far all of them are good. All have nice color, appearance, and havde a good material quality.",2024-07-31,0.4737,positive
review-309,Unknown Product,Colour: Brown Material Quality: Soft Appearance: Very Expensive 😂 Thank you seller bilis dumating parang kaorder ko lang ata ayan na suot ko pa tuloy pa office hahaha🙃🙃,2025-08-24,0.2701,positive
review-310,Unknown Product,Thanks seller! Correct item delivered. Got the right size for both pants. Item shipped early and received it earlier than expected. Kuddos to you seller!,2022-04-03,-0.4737,negative
review-311,Unknown Product,"Colour: 10/10 Appearance: 10/10 Material Quality: 9/10 Overall it's quality is good but a little thin, the sizes are different for each, all are size 31 but some of the pants are bigger and longer and some are smaller and shorter. The smallest one was the white and the biggest was the dark blue the others were just right. In terms of comfort I haven't worn it out yet but I tried it and all are comfortable.For the price I think it's a great buy. And it was well packed.",2023-03-24,0.5604,positive
review-312,Unknown Product,"Appearance: Nice Colour: denim blue, light blue Material Quality: ok Second time to order in this shop. Maganda talaga yung fit sa akin. Bibili ulit ako. May free eye bro liner pa. Thanks po",2024-08-05,0.5775,positive
review-313,Unknown Product,Appearance: goods Colour: Brown Material Quality: maong Thank you seller good item ❤️ Similar Product Review icon help,2022-11-17,0.68,positive
review-314,Unknown Product,"Appearance: good Colour: dark brown Material Quality: good Satisfied with my purchase. :) And nareceive ko kinaumagahan agad. It met my expectations naman and true to size siya. Achievable yung sa posted photo nila if not so thick yung thighs, not like mine. It's also high waist and I did not add size na.",2022-12-28,0.5161,positive
review-315,Unknown Product,"Material Quality: denim Appearance: excellent Colour: sky blue Well fit sakto size 27 sa akin, length is just perfect to my hight 5'2"". This is my second order in this shop. Thank you seller and friendly rider. Very good product.",2024-11-16,0.6226,positive
review-316,Unknown Product,I love this pants! chubby ako I guess ung waistline ko is between 33-34 pero kinaya naman hindi na ko nag adjust talaga ng size which is bigger kasi nagda diet ako. so maganda naman ung pants bbili ako ulit for sure! thanks seller!,2024-10-14,0.6927,positive
review-317,Unknown Product,Colour: denim blue I like the product thank you seller,2025-12-12,0.6429,positive
review-318,Unknown Product,"Appearance: blue Colour: light blue Material Quality: not too thick not too thin I'm 4'11, my waist is 26 so this 28 is slightly big, but still fits nice 👍👍👍👍👍 tysm",2022-07-26,0.6154,positive
review-319,Unknown Product,"Colour: i got the color that i want and its good Appearance: magandaa 10/10 Material Quality: di manipis, super ganda",2023-05-06,0.5839,positive
review-320,Unknown Product,Colour: correct Material Quality: okay for its price Appearance: niceee nice quality. grabe sobrang fit saakin nagustuhan ng mga pinsan ko parang want na nila mag order thank you seller ambilis maship and makarating kahit overseas yun lang bye,2023-05-31,0.6094,positive
review-321,Unknown Product,Appearance: goods Colour: nice Material Quality: makapal sya All goods nmn sobrang bilis ng shipping hehe salamat seller,2022-11-12,0.6644,positive
review-322,Unknown Product,"Appearance: looking good🥰😵🤭🎉 Colour: Brown Material Quality: makapal siya legit The quality is good and I love it, it fits my waist very well and promise ang ganda🥰😵🌸🎉(the video is random)",2022-08-06,0.5868,positive
review-323,Unknown Product,"Colour: beige Material Quality: okay Appearance: good Nice po ang quality for its price, mura lang kasi may mga voucher! Thank you so much po! Will order again.. I ordered size 30 but size 28 po so i would say true to size sya kasi maluwang sakin",2024-02-17,0.4828,positive
review-324,Unknown Product,"Appearance: Chic tignan hihi Colour: Right color lang din napadala Material Quality: Soft denim siya, kaya keri sa pagsuot di ganun kahassle kasi nasstretch pa konti. I LOVE THIS! WILL ORDER AGAIN, PERO IBANG COLOR NAMAN. THANKS SELLER!",2022-08-01,0.5745,positive
review-325,Unknown Product,"Appearance: overall good Colour: beige Material Quality: good Good quality, Will order again soon!",2023-01-03,0.6875,positive
review-326,Unknown Product,Appearance: good Colour: good Material Quality: good Received my parcel complete and good condition.true to size and colour..fash shipping and good packaging..thank you seller and rider,2025-05-28,0.6,positive
review-327,Unknown Product,Appearance: 10/10 Colour: 10/10(exact color) Material Quality: 10/10(do not wash in washing machine) Unlike other pants hindi sya stretchable and it's like other normal pants yung pagka tela nya tama lang yung haba sakin i think nasa 5feet lang ako and petite din kaya tama lang din yung 25 for the waist. Nagdadalawang isip pa nga ako sa size na 26 buti nalang ayos yung size 25 even busog ka😊,2022-09-26,0.6618,positive
review-328,Unknown Product,"All goods nmn po at sorry po sa late review,nagustuhan po ng user at satisfied sa products and said we'll order again😊thank you po seller and kuya delivery rider,god bless 😇❤️",2024-06-17,0.6341,positive
review-329,Unknown Product,"Super ganda and nice quality, makapal siya for its price, definitely i will order again soon. I am size 27 but i mistakenly ordered 26 pero nag fit parin sa akin",2024-11-04,0.6006,positive
review-330,Unknown Product,Appearance: It looks like what you can see you the image. Colour: Dark Brown Material Quality: Cotton THE PRODUCT WAS AMAZING AND WAS SURELY WORTH THE PRICE. This was my first ever purchase na im satisfied. ANG GANDA.,2022-11-13,0.6644,positive
review-331,Unknown Product,Colour: accurate Appearance: nice Material Quality: nice the product is nice overall! i would recommend this shop. they shipped it fast and i received it fast as well. thanks so much for the nice service,2023-03-21,0.6212,positive
review-332,Unknown Product,Appearance: wide leg Colour: blue Material Quality: denim the fabric looks expensive but when you touch it you will know it cheap all in ol its nice I purchase hoping it did fade when I wash it,2022-09-17,-0.4286,negative
review-333,Unknown Product,Manipis lang sya but okay yung fabrics for everyday office use. Fit is just right to me. Thanks seller I like my purchase.,2024-05-07,0.4,positive
review-334,Unknown Product,Colour: dark blue Kasi di available si light blue Appearance: maganda Material Quality: normal na denim pero high quality Buti nag pm sakin si seller na di na available yung light blue.,2023-08-31,0.779,positive
review-335,Unknown Product,Colour: brown Appearance: good Material Quality: very nice,2024-07-18,0.6894,positive
review-336,Unknown Product,"Colour: beige Material Quality: cotton Appearance: same as advertisd Medj manipis, compared sa mga nauna kong binili. The length, sakto lang (4’11 here) no need lagyan pin sa ilalim, kaso masikip banda sa tiyan. Unlike sa size 30&31 mahaba pero breathable hahaha. But overall goods naman probably will buy again",2025-03-18,0.6791,positive
review-337,Unknown Product,Ayos quality sa price. Mukang natututo na ko mamili aa shopee ng mga damit. Kasi pwede na mag return pag napangitan ako haha. Fast ship. Masaya ang kids,2025-05-22,0.4737,positive
review-338,Unknown Product,"Appearance: Not too baggy look Material Quality: thin cotton material Colour: brown and black Today it’s Sunday and decided to wear this jeans, it’s true to size for me. But the quality and look of the jeans are not that too baggy, just right like moms jeans 👖 still thanks seller!",2025-02-02,-0.4191,negative
review-339,Unknown Product,Appearance: 9/10 Material Quality: Good Colour: Black Maganda un quality. Tama lang sa price niya at sakto lang talaga saakin. Salamat seller at sa delivery rider sa mabilis na pag deliver.,2025-07-30,0.6809,positive
review-340,Unknown Product,Colour: Beige parang mas ayos toh kesa white Material Quality: Mukhang matibay sya Appearance: Makapal din at maganda pagkakatahi Sobrang wide pala talaga,2024-07-07,0.6825,positive
review-341,Unknown Product,Diko inexpect na ganito kaganda sakto lang sya saken and super baggy netong beige color❤️,2025-09-15,0.7231,positive
review-342,Unknown Product,Material Quality: good Appearance: good Colour: good Maganda naman yung tela and yun na nga maganda lang sya manipis yung tela kayo na bahala basta maganda lang pero ok na sya sa presyo nya mura lang bili ko lang dito 145 may voucher kaya mura,2024-06-16,0.6434,positive
review-343,Unknown Product,I super love the pants🥰 Will purchase again next time ☺️💙,2024-04-03,0.7268,positive
review-344,Unknown Product,"Material Quality: great Colour: light blue The quality of the fabric is impressive. The material feels durable yet comfortable, making it suitable for both casual and formal occasions. I appreciate the attention to detail in the stitching and overall construction.",2024-12-14,0.6732,positive
review-345,Unknown Product,Appearance: Good. Material Quality: Good mejo makapal Hindi ko pa nasukat pero sana sakto lang sakin,2024-08-25,0.6296,positive
review-346,Unknown Product,"Appearance: perfect !!! Colour: light blue Material Quality: 4.5/5 if i would compare it to other maong, manipis siya pero hindi naman babakat yung ""-"" kaya it's nice. also add 1 size to your actual size !",2022-06-22,0.569,positive
review-347,5 Pack Men's Underwear Briefs Antibacterial Comfortable Soft Men's Briefs Breathable,Comfort: no size indicated on the item Nno size indicated if 3XL or not,2026-06-15,-0.0476,neutral
review-348,5 Pack Men's Underwear Briefs Antibacterial Comfortable Soft Men's Briefs Breathable,Colour: good Ang laki sa akin Hindi tugma Yung size,2026-02-11,0.6774,positive
review-349,5 Pack Men's Underwear Briefs Antibacterial Comfortable Soft Men's Briefs Breathable,Appearance: manipis Colour: okay naman di pa nalalabhan kaya di pa sure kung nakupas Mabilis naman shipping and delivery. Mabait din ang rider. Sana lang tumagal dahil sa nipis mukhang tatlong labahan lang to sira na,2026-03-25,-0.322,negative
review-350,5 Pack Men's Underwear Briefs Antibacterial Comfortable Soft Men's Briefs Breathable,Colour: Goog Appearance: Ok Material Quality: Ok Mga boss ung itim lang medjo tumama ng size ung dalawa po palpak ang liit walang size ano ba yan ang hirap kitain ng pera ung black may nakalagay na size ung dalawa walang size nabudol nyo ko ha,2025-07-04,-0.3069,negative
review-351,5 Pack Men's Underwear Briefs Antibacterial Comfortable Soft Men's Briefs Breathable,NORMALLY LARGE LANG TALAGA AKO SA UNDERWATER PERO ITO MALIIT PANG BATA ANG SIZE TALO SAYANG SINO GAGAMIT NETO PALPAK ANG SUKAT NYO 😭😭😭😭😭,2026-05-26,-0.7398,negative
review-352,5 Pack Men's Underwear Briefs Antibacterial Comfortable Soft Men's Briefs Breathable,Appearance: verry poor Colour: tama naman kulay pero subrang nipis Product: Poor quality Be aware Kase not returnable pa naman ang item subrang nipis subrang laki ng size in total of zero talaga para ka lang nagtapon ng Pera Kong ito ang bibilhin mo Hindi pa ma return.. sana Wala ng maloko sa brief na ito please wag na kau bumili sayang Pera nyo parang tinapon nyo lang yong Pera nyo Kase Hindi nyo naman magagamit,2026-05-17,-0.3277,negative
review-353,5 Pack Men's Underwear Briefs Antibacterial Comfortable Soft Men's Briefs Breathable,Manibis at maliit Ang size good for 1week na gamit mukhang disposable na brife Tama lang price nya sa quality nya hnd tatagal ng 1 month..,2025-07-12,0.3548,positive
review-354,5 Pack Men's Underwear Briefs Antibacterial Comfortable Soft Men's Briefs Breathable,Narcv ko n kaso ndi ito yung ipinakita s fb maayus at maganda ang quality ang dumating maliit ang size at ndi mag sisinlaki may maliit at isa ok ang size,2025-07-27,0.6581,positive
review-355,5 Pack Men's Underwear Briefs Antibacterial Comfortable Soft Men's Briefs Breathable,"Product: Defective/Damaged Item, Item Not as Described Na dismaya ako seller pangatlong order kuna to pero ngayon may butas ang isa atsaka maliit sya compare sa kasama nyang apat",2026-06-04,-0.7442,negative
review-356,5 Pack Men's Underwear Briefs Antibacterial Comfortable Soft Men's Briefs Breathable,Ok na sana nagandahan nasana Ako kaso order ko Xl pero ung dumating 3XL,2026-01-30,0.0698,positive
review-357,5 Pack Men's Underwear Briefs Antibacterial Comfortable Soft Men's Briefs Breathable,"Material Quality: good Appearance: different sizes delivered Colour: good Product: Item Not as Described I ordered 3x, but they delivered different sizes.😔",2025-07-16,-0.5556,negative
review-358,5 Pack Men's Underwear Briefs Antibacterial Comfortable Soft Men's Briefs Breathable,"Comfort: Mali po pinadala nyo brief po order ko hindi boyleg, tapos hindi pwede isauli ano kayo scammer????",2026-07-22,-0.4595,negative
review-359,5 Pack Men's Underwear Briefs Antibacterial Comfortable Soft Men's Briefs Breathable,"Mali ang binigay na brief, yong magkaalon alon yong garter nya pagkaraan ng isang bwan",2026-05-27,-0.6296,negative
review-360,5 Pack Men's Underwear Briefs Antibacterial Comfortable Soft Men's Briefs Breathable,"Product: Poor quality Your brief is worthless, it's not of good quality.",2025-07-11,-0.661,negative
review-361,5 Pack Men's Underwear Briefs Antibacterial Comfortable Soft Men's Briefs Breathable,Product: Poor quality Order ko large pinadala small. .maganda lng SA pic. Poor quality .mukhang mbilis ma bacon. Ang garte.manipis Ang tela .,2025-07-08,-0.1549,negative
review-362,5 Pack Men's Underwear Briefs Antibacterial Comfortable Soft Men's Briefs Breathable,Appearance: maganda sana kaso kulang naman ung pinadala mo seller😡,2026-08-03,-0.4828,negative
review-363,5 Pack Men's Underwear Briefs Antibacterial Comfortable Soft Men's Briefs Breathable,"Ganito ba pag second order na,Hindi maayos.sira pouch,naka siksik lang items,hays .",2025-07-28,-0.375,negative
review-364,5 Pack Men's Underwear Briefs Antibacterial Comfortable Soft Men's Briefs Breathable,Wala kwenta. Akala ko 5 pcs nka Lagay tatlo Lang pala. Ang nipis pa.,2025-06-29,0.3182,positive
review-365,5 Pack Men's Underwear Briefs Antibacterial Comfortable Soft Men's Briefs Breathable,"Comfort: ok nmn manipis Product: Item Not as Described, Counterfeit product Sabi dto brief ang dumating boxer ano kaya un ayaw ayusin sayo lht yan😒😒😒😒😒😒😒😒",2026-06-14,-0.5821,negative
review-366,5 Pack Men's Underwear Briefs Antibacterial Comfortable Soft Men's Briefs Breathable,Appearance: is good Colour: good Material Quality: so poor. The price is just right for the product. But I won't buy it again.,2025-07-12,0.3243,positive
review-367,5 Pack Men's Underwear Briefs Antibacterial Comfortable Soft Men's Briefs Breathable,Colour: ok Material Quality: 3% Appearance: di maganda sa picture lng nakaka dismaya maliit na manipis pa Di ko na pwd umulit kung Anu pinakikta Yun ang ibivigay tnx,2025-10-05,-0.5455,negative
review-368,5 Pack Men's Underwear Briefs Antibacterial Comfortable Soft Men's Briefs Breathable,Appearance: pangit ang tela sobrang nipis Colour: di maganda,2026-05-07,-0.697,negative
review-369,5 Pack Men's Underwear Briefs Antibacterial Comfortable Soft Men's Briefs Breathable,Appearance: manipis hirap pa magreturn maliiy ang size nila wag na kayong bumili dito..,2026-02-06,-0.5238,negative
review-370,5 Pack Men's Underwear Briefs Antibacterial Comfortable Soft Men's Briefs Breathable,Appearance: wrong item order q underwear brief Hindi boxer.,2025-12-09,-0.6774,negative
review-371,5 Pack Men's Underwear Briefs Antibacterial Comfortable Soft Men's Briefs Breathable,Ang panget naman ng tela mahal sa price parang tig 20 lang na brief sa bargain...,2025-10-30,-0.2857,negative
review-372,5 Pack Men's Underwear Briefs Antibacterial Comfortable Soft Men's Briefs Breathable,Appearance: manipis Material Quality: maliit ang singit²an Colour: 👍🏾 Manipis,2025-07-01,-0.0323,neutral
review-373,5 Pack Men's Underwear Briefs Antibacterial Comfortable Soft Men's Briefs Breathable,Appearance: nakakakainis wrong item😀 brief inorder oo boxer dumating sana marunong kayu mag double check,2026-03-04,-0.375,negative
review-374,5 Pack Men's Underwear Briefs Antibacterial Comfortable Soft Men's Briefs Breathable,"Appearance: Ang pangit n nga, kulang p pinadla nyo, karmahin sna Kyo Product: Poor quality",2026-05-17,-0.68,negative
review-375,5 Pack Men's Underwear Briefs Antibacterial Comfortable Soft Men's Briefs Breathable,"Product: Counterfeit product Very cheap on quality. So thin. Not good quality, returned not accepted. Waist of money",2026-01-19,-0.5495,negative
review-376,5 Pack Men's Underwear Briefs Antibacterial Comfortable Soft Men's Briefs Breathable,Product: Item Not as Described Wag kayong bibili sa shop na to mali ung sizing nila iba iba ung size ng pinadala sayang lang pera nyo,2026-01-12,-0.6875,negative
review-377,5 Pack Men's Underwear Briefs Antibacterial Comfortable Soft Men's Briefs Breathable,"Product: Item Not as Described, Poor quality Yung XL na size ko parang large nong dumating maliit siya hindi siya standard sa size ko",2026-07-12,-0.4231,negative
review-378,5 Pack Men's Underwear Briefs Antibacterial Comfortable Soft Men's Briefs Breathable,Appearance: ang liit ng size XL order ko sayang lang pera,2026-07-20,-0.4915,negative
review-379,5 Pack Men's Underwear Briefs Antibacterial Comfortable Soft Men's Briefs Breathable,Product: Item Not as Described Not true to size ang laki para sa size na inorder q sayang lang,2026-06-18,-0.697,negative
review-380,5 Pack Men's Underwear Briefs Antibacterial Comfortable Soft Men's Briefs Breathable,"Appearance: huwag kayong bumili sa shop nato,Hindi tama ang size😠😠😠",2026-02-09,-0.7143,negative
review-381,5 Pack Men's Underwear Briefs Antibacterial Comfortable Soft Men's Briefs Breathable,Appearance: wrong size sobrang laki ng pinadala nyo. hindi ito magagamit ng mister ko,2026-02-03,-0.4872,negative
review-382,5 Pack Men's Underwear Briefs Antibacterial Comfortable Soft Men's Briefs Breathable,Xl ang order ko pinadala 2XL nextime tignan niyo pinapadala niyo seller diko nagagamit ito very dis appoint.,2026-01-15,0.2308,positive
review-383,5 Pack Men's Underwear Briefs Antibacterial Comfortable Soft Men's Briefs Breathable,Product: Poor quality Di manlang mag reply yung seller hirap umorder dito,2025-07-04,-0.7059,negative
review-384,5 Pack Men's Underwear Briefs Antibacterial Comfortable Soft Men's Briefs Breathable,Appearance: not good Colour: pangit Material Quality: manipis Product: Poor quality I don't like the fabric masyadong manipis ...,2025-06-21,-0.6629,negative
review-385,5 Pack Men's Underwear Briefs Antibacterial Comfortable Soft Men's Briefs Breathable,"Maliit un size,.. Xl un order ko,.. Pero parang small lng",2026-05-26,0.2308,positive
review-386,5 Pack Men's Underwear Briefs Antibacterial Comfortable Soft Men's Briefs Breathable,Manipis.kapag suot mo para ka ring walang brief. pakiramdam ko parang mahuhulog betlog ko.,2025-10-19,-0.1667,negative
review-387,5 Pack Men's Underwear Briefs Antibacterial Comfortable Soft Men's Briefs Breathable,"Appearance: xl order ko M dumating para lng maka benta kyu walng kwenta shop nayan ,,, nd ko mgagamit sayang lng pera",2026-02-10,-0.5,negative
review-388,5 Pack Men's Underwear Briefs Antibacterial Comfortable Soft Men's Briefs Breathable,Comfort: ok namn ung Tila sa murang halaga may 5 PC's brief kana salmt seller at saka s amabait na rider mag order Uli ako sasusunod,2026-09-14,0.6,positive
review-389,Unknown Product,Appearance: The wallet looks elegant and matches fashion trends Colour: The colour choices are true to what I expected. Material Quality: Material feels sturdy and durable It goes above and beyond. Bagay na bagay sa Grade 11 student ko! 🤩,2026-07-21,0.6804,positive
review-390,Unknown Product,Appearance: looks elegant and stylish. Material Quality: i appreciated the material used. Colour: the xolor matches the pictures and discription I like the item. Affordable but nice. The zipper keeps the cards and money safe and intact. Recommended. Fast delivery. Thank u seller.,2026-01-31,0.7138,positive
review-391,Unknown Product,Material Quality: good Appearance: good Colour: cool May bago na akong wallet mukhang matibay nmn sana tumagal worth it nmn ang binayad 🫰ang 20 bill hndi kasama sa purchase excited lng ako kya nilagyan ko agad 😅salamat seller at sa rider just on time until next purchase 🥰,2025-04-27,0.5793,positive
review-392,Unknown Product,Appearance: looks elegant. Colour: the colour choices are true to what I expected. Material Quality: feels sturdy and durable. The quality is good. Super fast shipping. More aesthetic and more convenient to use.,2026-07-14,0.707,positive
review-393,Unknown Product,Appearance: Maganda Material Quality: Matibay Colour: Maganda ang kulay Maganda ang kulay at mukang matibay,2026-05-31,0.7159,positive
review-394,Unknown Product,Appearance: The wallet looks expensive because of its elegance. Colour: The color is accurate to its choices. Material Quality: The material used is durable and sturdy. I really recommend this wallet to men who is looking for a durable yet affordable wallet.,2026-06-24,0.5626,positive
review-395,Unknown Product,Appearance: The wallet look matches fashion trends well. Colour: The wallet color match my expectations. My order is correct variation and safety po. The wallet match my expectations. Nagustuhan ng hubby ko. Maraming salamat seller.,2026-07-29,0.6364,positive
review-396,Unknown Product,Appearance: looks original Colour: same with my order dark brown 🟤 Material Quality: Mukang matibay naman at tatagal Salamat po seller and shopee ambilis ng delivery 😁,2025-03-24,0.6667,positive
review-397,Unknown Product,Appearance: wow Material Quality: so Good Colour: nice And Exact Color Fast Delivery Kasi Davao Lang Ehh At naka Free shipping Pa ❤️🥰,2026-04-24,0.6951,positive
review-398,Unknown Product,"Appearance: good Material Quality: good Colour: good Thanks seller, bilis dumating Ganda Ng wallet sulit pag order KO nito 😇",2025-05-22,0.6667,positive
review-399,Unknown Product,"Appearance: mali ung dumating na product, wallet ung order ko hindi lagayan ng card...",2026-09-22,-0.4737,negative
review-400,Unknown Product,"Colour: 1/5 Appearance: -1/10 Material Quality: -1/5 Product: Poor quality, Item Not as Described Nakakadismaya ang expectation mo maganda gaya ng nasa vedio un pala yan lang ipadala. Pambata ata yan eh.. Laroan ata to. Wag na kayo bumili dito, niloloko kayo..",2026-08-09,-0.4595,negative
review-401,Unknown Product,"Colour: sobra layo ng piagkaiba kapag buksan ang wallet,,pyro ganyan LNG ang petals ng wallet,,malayo kesa s video n binibenta ninyo,, Product: Item Not as Described",2026-09-23,-0.6791,negative
review-402,Unknown Product,Appearance: Looks nice! Andaming nagkagusto sa cap Colour: What you see is what you get. Material Quality: Durable and thick I ordered for our church activity and we are so happy na maganda ang print and quality ng cap. I will definitely recommend this seller. Sobrang accommodating and responsive! Thank you so much!,2026-05-03,0.6805,positive
review-403,Unknown Product,"Colour: Perfect , orders are correct! Material Quality: Perfect! Appearance: As advertised. Eto lang ang seller na marunong ng REAL customer service , panis ung ibang nag pepersonalize ! Will order bulk next time ma settle ko ung sa team logo namin. Good work N-works!",2026-06-30,0.6129,positive
review-404,Unknown Product,Colour: White Maganda ang pag Ka gawa Ng logo Good quality caps,2026-06-07,0.7015,positive
review-405,Unknown Product,Colour: good Appearance: great Material Quality: 100% Thanks seller napaka ganda ng pagkakagawa,2026-07-11,0.7207,positive
review-406,Unknown Product,"Colour: Perfect black colour Material Quality: The quality is good comparable to its price Appearance: The appearance is nice, neat, and simple",2026-06-18,0.6835,positive
review-407,Unknown Product,Nice! And resposive seller. Will buy another batch,2026-07-09,0.4,positive
review-408,Unknown Product,"Appearance: Ang ganda nagkakadikit, pantay na pantay. Colour: Solid black at yung sticker. Bossing, order ako ng madami.",2026-08-06,0.5575,positive
review-409,Unknown Product,Colour: black Appearance: maganda Material Quality: sulit sa presyo at kuha nya mga request nyo,2026-09-27,0.7368,positive
review-410,Unknown Product,Material Quality: Solid Appearance: Sobrang ganda thankyou seller Colour: What you send what you get Ty seller,2026-09-20,0.7409,positive
review-411,Unknown Product,Material Quality: good Colour: good Appearance: good quality seller responsive,2026-07-07,0.6721,positive
review-412,Unknown Product,Material Quality: good quality.,2026-09-21,0.6774,positive
review-413,Unknown Product,Nice work! Love ' em,2026-06-25,0.7222,positive
review-414,Unknown Product,Good quality sya. Kahit pa lace ang design nya ay hindi sya makati sa balat. Hindi rin sya uncomfy pag suot. Sakto lang even the size,2024-12-15,0.434,positive
review-415,Unknown Product,"Nice pants, I bought it for the first time and it's ok. Soft lace to wear, beautiful form. You should buy it, man. Will continue to buy the rest of the colors.",2024-11-14,0.5425,positive
review-416,Unknown Product,Colour: good Material Quality: good Appearance: good The product arrived in a good condition and complete. Not my first time to buy product here. Definitely will but again soon.,2025-06-30,0.5652,positive
review-417,Unknown Product,"Material Quality: Good Appearance: Better Colour: Best Kudos seller, Packager, Delivery man First time to buy this. Fell in love. Affordable price. Hopefully long lasting use. The given item is correct; complete. Wrapped in plastic carefully packed. Fast shipping with patience. Will recommend when someone asks.",2025-01-18,0.5918,positive
review-418,Unknown Product,"Appearance: see through Material Quality: thin Colour: blue, red and black Super gandaa almost lahat ng underwear ko pamg sexy time hahaha ☺️ thank you seller mabilis dumating more orders to come po",2024-12-19,0.6115,positive
review-419,Unknown Product,Material Quality: malambot hindi irritated Colour: blck/red Appearance: soferr gandaaa umabot bago kamj umuwi ng pangasinan ayan nagamit ko yung isa i wil order again nasanay na ako gumamit HAHAHAHAH thankiesss!!!,2025-04-20,0.4094,positive
review-420,Unknown Product,Napakahusay na kalidad at materyal. Very sexy at totoo sa laki. Lubos na inirerekomenda,2024-10-29,0.697,positive
review-421,Unknown Product,"Quality & Fit: The lace feels soft and comfortable, not itchy at all. The stitching is neat, and the waistband has just the right stretch—hindi siya mabilis lumuwag. Low waist cut is flattering and sits nicely without digging in. Style: Sexy yet classy. The lace design looks elegant, perfect for everyday wear or special occasions. Sizing: True to size. I ordered my usual size and it fits perfectly. Value for Money: Affordable considering the quality. Sulit lalo na kung bibili ng set. Overall: Highly recommended if you’re looking for comfy yet stylish lace thongs. 💖",2026-07-30,0.5403,positive
review-422,Unknown Product,Lace: soft and breathable for sensitive skin Appearance: sobrang elegant din tignan pati yung color comfy rin sya suotin sobrang cheap yet so beautiful thank you for this,2026-02-23,0.5639,positive
review-423,Unknown Product,Appearance: maganda Colour: super nice color Material Quality: super quality True to size saktong sakto...,2025-01-10,0.7346,positive
review-424,Unknown Product,Lace: super soft bakla bili kana Appearance: looks classy kaya slayyy I LOVE ITT MAGUGUSTUHAN NG LABIDABS KO AHHAHAHAHA,2026-08-03,0.6388,positive
review-425,Unknown Product,Lace: the lace is breathable and soft Appearance: it looks great and cute I love this product since the quality is fantastic and the design appears very catchy,2026-06-19,0.5322,positive
review-426,Unknown Product,Appearance: soft Colour: green Material Quality: 9/10,2025-03-04,0.6667,positive
review-427,Unknown Product,Material Quality: Ang ganda lang. very silky and comfy. Super love it. Appearance: Seductive Colour: Super nice I love this undies so much. Comfy and breatjable,2025-07-29,0.7078,positive
review-428,Unknown Product,"Napakahusay na Kasuotan, magandang tela, hiwa at pagtatapos. Dumating nang napakabilis at eksakto sa imahe, mukhang perpekto!!",2024-10-15,0.7248,positive
review-429,Unknown Product,"Colour: true to color Appearance: 10/10 Material Quality: 10/10 I haven't tried wearing it yet.. Pro maganda nman, sakto naman nung sinukat ko..",2024-11-27,0.6795,positive
review-430,Unknown Product,"I recently shopped at your store, and the experience was great. The sales team was extremely helpful, and it made my experience so much better.",2026-01-19,0.7555,positive
review-431,Unknown Product,Appearance: nice Colour: true colors Material Quality: very maganda,2025-10-24,0.7253,positive
review-432,Unknown Product,Material Quality: excellent Appearance: nice Colour: nice Maganda true size,2025-12-02,0.7143,positive
review-433,Unknown Product,Material Quality: very comfortable to wear Appearance: looks sexy Colour: nice colors,2025-11-18,0.6923,positive
review-434,Unknown Product,"Colour: white Material Quality: lace Appearance: good Ok naman ang quality though di ko pa nagagamit. Kailangan muna labhan kahit pa malinis ang undies., thank you 😊",2025-10-01,0.5664,positive
review-435,Unknown Product,"I love it so much!! The fabric is nice and justifiable for its price. Thank you so much seller! Get yours now, ladies! To add a little bit of spice for your night 🔥❤️",2026-03-08,0.6939,positive
review-436,Unknown Product,"Material Quality: 8 Appearance: 8 Colour: 8 psst! yohooo! So, ayon fashion nga lang diba ako na rin nag-c-change rubber, kamahal kase 300 rin so. Meldy! BWELO hala oh salida",2025-11-29,0.5652,positive
review-437,Unknown Product,"Appearance: Medium Material Quality: Polyester 12.7%elastane Colour: Red, black, blue Thank you seller very past delivery next time again.",2025-06-10,0.6583,positive
review-438,M2S-Korean style High Quality Men's Shortsleeve Casual Polo Shirt For Man Dri-Fit suitable 3,Appearance: maganda Material Quality: malamboy Colour: true to color,2025-11-19,0.2857,positive
review-439,#1502 Simple  Men's drifit Polo Shirt korea fashion casual  poloshirt  high-quality,Appearance: very good Material Quality: very good Colour: white,2024-01-02,0.7297,positive
review-440,#1502 Simple  Men's drifit Polo Shirt korea fashion casual  poloshirt  high-quality,Material Quality: Dri-Fit Colour: Black Appearance: It’s Good Mabilis naman dumating. Safe and secured. Tama din ang item na nareceived ko. Perfect pang gift.,2023-12-19,0.6403,positive
review-441,#1502 Simple  Men's drifit Polo Shirt korea fashion casual  poloshirt  high-quality,"Appearance: What you see is what you get. Colour: Black Material Quality: Excellent The product is great. After a day or two dumating yung product and di ko in-expect na embroid yung tatak. Yung tela and everything is great. Thank you seller and the delivery rider. Surely, will buy again.😇🙆",2024-01-05,0.6604,positive
review-442,#1502 Simple  Men's drifit Polo Shirt korea fashion casual  poloshirt  high-quality,Appearance: good Colour: complete colour Material Quality: good Thank you seller completo lahat ng order ko pasensya na kung diko nakunan ng picture Kasi kinuha agad ng buyer ko,2024-02-10,0.4891,positive
review-443,#1502 Simple  Men's drifit Polo Shirt korea fashion casual  poloshirt  high-quality,"Appearance: good Material Quality: good Colour: white, S maganda ang polo superrr, manipis tela niya kaya hindi mainit sa katawan super ganda talagaa,bili ako ulit sakto lang yung size niya saken anganda somuch",2024-02-15,0.6931,positive
review-444,#1502 Simple  Men's drifit Polo Shirt korea fashion casual  poloshirt  high-quality,Appearance: 10/10 Colour: very nice Material Quality: 10/10 Medjo manipis maganda naman super ganda Nakaka presko lakas maka yaman 😁 Ty seller legit yung item nyo😊 ...,2023-08-04,0.6947,positive
review-445,#1502 Simple  Men's drifit Polo Shirt korea fashion casual  poloshirt  high-quality,Colour: Great color Appearance: As advertised Material Quality: Great quality,2023-03-24,0.7619,positive
review-446,#1502 Simple  Men's drifit Polo Shirt korea fashion casual  poloshirt  high-quality,Appearance: Very Good Material Quality: Nice quality Colour: Very good color just I ordered Very nice quality I thought it was cotton but it's not but napaka nice padin nya tsaka comfortable sya suotin very accommodating si seller at nag sesend ng pic bago e ship thank you very much seller I'll order again soon pag magkaka pera nanamn than you!!,2023-06-26,0.6304,positive
review-447,#1502 Simple  Men's drifit Polo Shirt korea fashion casual  poloshirt  high-quality,"Material Quality: good Colour: black, gray, mossgreen, royal blue Appearance: good Second order ko na po ito, nagustuhan kasi ng asawa ko ang unang order ko, salamat po seller at ky kuya rider",2024-06-28,0.5679,positive
review-448,#1502 Simple  Men's drifit Polo Shirt korea fashion casual  poloshirt  high-quality,Colour: White Appearance: napaka Ganda ng quality ng damit Material Quality: good Amazing 😍,2024-01-30,0.7423,positive
review-449,#1502 Simple  Men's drifit Polo Shirt korea fashion casual  poloshirt  high-quality,Appearance: good Material Quality: good Colour: good Thank you seller at kay Rider n super bait,2024-01-10,0.661,positive
review-450,#1502 Simple  Men's drifit Polo Shirt korea fashion casual  poloshirt  high-quality,"Appearance: same siya sa picture. Bagay sa'king miloves Material Quality: maganda, Colour: white Will buy again pag may pera na",2023-03-18,0.5575,positive
review-451,#1502 Simple  Men's drifit Polo Shirt korea fashion casual  poloshirt  high-quality,Appearance: gandaa Colour: white Material Quality: goods makapal din Soliddddd bili uli ako iba kulay next week,2023-04-20,0.6981,positive
review-452,#1502 Simple  Men's drifit Polo Shirt korea fashion casual  poloshirt  high-quality,Material Quality: good Appearance: maganda... kung may pera na ako bibili ako sa susunod Colour: true,2023-12-18,0.7059,positive
review-453,#1502 Simple  Men's drifit Polo Shirt korea fashion casual  poloshirt  high-quality,Appearance: ganda Material Quality: maganda Colour: white,2024-12-15,0.7222,positive
review-454,#1502 Simple  Men's drifit Polo Shirt korea fashion casual  poloshirt  high-quality,Material Quality: soft yung tela Appearance: maganda sya,2023-12-17,0.6825,positive
review-455,#1502 Simple  Men's drifit Polo Shirt korea fashion casual  poloshirt  high-quality,Material Quality: mganda Colour: ok Appearance: mgnda,2024-01-17,0.5833,positive
review-456,#1502 Simple  Men's drifit Polo Shirt korea fashion casual  poloshirt  high-quality,Material Quality: good Colour: nice Appearance: great,2023-09-26,0.7059,positive
review-457,#1502 Simple  Men's drifit Polo Shirt korea fashion casual  poloshirt  high-quality,Appearance: 10/10 Material Quality: 10/10 Colour: white Ang ganda nya to think na mura lang siya 🥰 i will buy again . THANKS SELLER,2023-10-11,0.5982,positive
review-458,#1502 Simple  Men's drifit Polo Shirt korea fashion casual  poloshirt  high-quality,Material Quality: nice Appearance: nice Colour: very nice,2023-05-01,0.6718,positive
review-459,#1502 Simple  Men's drifit Polo Shirt korea fashion casual  poloshirt  high-quality,Appearance: great Colour: white Material Quality: good,2023-08-25,0.726,positive
review-460,#1502 Simple  Men's drifit Polo Shirt korea fashion casual  poloshirt  high-quality,Colour: maganda Appearance: malamig Material Quality: verygood thanks seller,2023-06-19,0.6923,positive
review-461,#1502 Simple  Men's drifit Polo Shirt korea fashion casual  poloshirt  high-quality,Appearance: good Colour: white Material Quality: good,2024-06-16,0.6774,positive
review-462,#1502 Simple  Men's drifit Polo Shirt korea fashion casual  poloshirt  high-quality,Material Quality: okeyy raman sya Colour: black Appearance: hindi masyadong manipis,2024-01-28,-0.2593,negative
review-463,#1502 Simple  Men's drifit Polo Shirt korea fashion casual  poloshirt  high-quality,Colour: white Appearance: good Material Quality: good Okay nadin,2023-10-16,0.5946,positive
review-464,#1502 Simple  Men's drifit Polo Shirt korea fashion casual  poloshirt  high-quality,Appearance: 10/10 Material Quality: 10/10 Colour: 10/10,2024-02-15,0.75,positive
review-465,#1502 Simple  Men's drifit Polo Shirt korea fashion casual  poloshirt  high-quality,Material Quality: good Appearance: good,2023-11-05,0.6774,positive
review-466,#1502 Simple  Men's drifit Polo Shirt korea fashion casual  poloshirt  high-quality,Material Quality: maybe Appearance: good Colour: good Manipis lang NGA Po,2023-12-10,0.5161,positive
review-467,#1502 Simple  Men's drifit Polo Shirt korea fashion casual  poloshirt  high-quality,Napaka ganda nagustuhan kapatid koo. Thank you Seller. Nag order ako December 27 kinabukasan dumating agad may magagamit na for New Year. ☺️❤️,2023-12-28,0.6955,positive
review-468,#1502 Simple  Men's drifit Polo Shirt korea fashion casual  poloshirt  high-quality,Material Quality: nice mabilis deliver I love it,2023-10-07,0.697,positive
review-469,#1502 Simple  Men's drifit Polo Shirt korea fashion casual  poloshirt  high-quality,Appearance: ⭐⭐⭐⭐⭐ Material Quality: ⭐⭐⭐⭐⭐ Colour: ⭐⭐⭐⭐⭐ Ang ganda po nagustuhan ng anak ko thank you po,2023-03-28,0.6577,positive
review-470,#1502 Simple  Men's drifit Polo Shirt korea fashion casual  poloshirt  high-quality,Nice quality the tila its good,2024-01-07,0.661,positive
review-471,#1502 Simple  Men's drifit Polo Shirt korea fashion casual  poloshirt  high-quality,Good quality kaya paulit ulit akong umoorder d2 salamat sa seller po.,2023-10-07,0.6875,positive
review-472,#1502 Simple  Men's drifit Polo Shirt korea fashion casual  poloshirt  high-quality,Colour: true Nice well order again thank you 😁,2024-02-16,0.6629,positive
review-473,#1502 Simple  Men's drifit Polo Shirt korea fashion casual  poloshirt  high-quality,Maganda at Tama Yong dumating Kong order nagandaha. Mr.ko thank you seller,2023-11-28,0.6053,positive
review-474,#1502 Simple  Men's drifit Polo Shirt korea fashion casual  poloshirt  high-quality,Material Quality: Good Colour: Okay,2025-03-14,0.5455,positive
review-475,#1502 Simple  Men's drifit Polo Shirt korea fashion casual  poloshirt  high-quality,Colour: 👍👍 Material Quality: 👍👍 Appearance: 👍👍👍 Goods,2023-09-03,0.6667,positive
review-476,#1502 Simple  Men's drifit Polo Shirt korea fashion casual  poloshirt  high-quality,Maganda ang tela promise ♥️♥️💜,2024-01-14,0.7101,positive
review-477,#1502 Simple  Men's drifit Polo Shirt korea fashion casual  poloshirt  high-quality,As in maayos na dumating kaya thanks sa seller,2024-02-06,0.6512,positive
review-478,#1502 Simple  Men's drifit Polo Shirt korea fashion casual  poloshirt  high-quality,Colour: maganda naman sya Material Quality: parang matibay Appearance: ok,2023-12-29,0.6386,positive
review-479,#1502 Simple  Men's drifit Polo Shirt korea fashion casual  poloshirt  high-quality,Appearance: good Colour: good Material Quality: good,2023-09-20,0.6774,positive
review-480,#1502 Simple  Men's drifit Polo Shirt korea fashion casual  poloshirt  high-quality,Colour: white. Material Quality: makapal Appearance: OK naman daw,2023-10-12,0.6226,positive
review-481,#1502 Simple  Men's drifit Polo Shirt korea fashion casual  poloshirt  high-quality,Colour: white,2023-10-14,0.0,neutral
review-482,#1502 Simple  Men's drifit Polo Shirt korea fashion casual  poloshirt  high-quality,Material Quality: 10/10 Colour: 10/10 Appearance: 10/10,2024-02-05,0.75,positive
review-483,#1502 Simple  Men's drifit Polo Shirt korea fashion casual  poloshirt  high-quality,Material Quality: good Appearance: good Colour: good,2024-01-06,0.6774,positive
review-484,#1502 Simple  Men's drifit Polo Shirt korea fashion casual  poloshirt  high-quality,Appearance: 10 Material Quality: 10 Colour: 10 nice maganda,2024-01-29,0.6875,positive
review-485,#1502 Simple  Men's drifit Polo Shirt korea fashion casual  poloshirt  high-quality,Material Quality: Ang nipis ng tela Colour: white,2023-08-27,-0.5,negative
review-486,#1502 Simple  Men's drifit Polo Shirt korea fashion casual  poloshirt  high-quality,Nice🥰,2023-10-02,0.697,positive
review-487,#1502 Simple  Men's drifit Polo Shirt korea fashion casual  poloshirt  high-quality,Manipis sya pero ok lng nmn..,2023-09-05,-0.2593,negative
review-488,#1502 Simple  Men's drifit Polo Shirt korea fashion casual  poloshirt  high-quality,Appearance: 10/01 Colour: 10/10 Material Quality: 10/10 Gandaaaaaa hehehe 🤭 complete then ang items ko😙 saktung saktung pagbalik ko from home on the way din yung parcel ko 😹 salamat kay seller and kuya rider na sobrang bait 🫰 thanks po! More sales to come pa po 🫶,2024-01-02,0.5823,positive
review-489,#1502 Simple  Men's drifit Polo Shirt korea fashion casual  poloshirt  high-quality,Appearance: very good Material Quality: excellent Colour: white Maganda quality ayos po,2023-11-28,0.7297,positive
review-490,#1502 Simple  Men's drifit Polo Shirt korea fashion casual  poloshirt  high-quality,"Material Quality: Good Appearance: Good Colour: Good Maganda sakto lang sa price niya, Ang ganda din ng pagka balot ng item . All Goods 👌",2024-02-11,0.6787,positive
review-491,#1502 Simple  Men's drifit Polo Shirt korea fashion casual  poloshirt  high-quality,natanggap ko na ang inorder kong item na polo shirt okay lang ang quality at size niya ang delivery mabilis at ang reseller,2023-09-06,-0.0476,neutral
review-492,#1502 Simple  Men's drifit Polo Shirt korea fashion casual  poloshirt  high-quality,Appearance: ok Material Quality: ok Colour: ok Dami Kong na order dito.pabalik balik ako sa shop na ito.kasi hndi ako binibigo Kong anong order ko yon den ang darating.subrng dami as en. Binibintako madaking ma obos kaya sa tweng maubosan ako oorder nnmn ako kYa nagWa kona suke itong shop. Thank u sa tiwala.,2023-12-22,0.507,positive
review-493,#1502 Simple  Men's drifit Polo Shirt korea fashion casual  poloshirt  high-quality,Appearance: Wow Colour: White Medium Material Quality: Cool cloth Nice. ...,2023-03-16,0.661,positive
review-494,#1502 Simple  Men's drifit Polo Shirt korea fashion casual  poloshirt  high-quality,Oorder na naman saw ako ulit💗,2023-04-12,0.726,positive
review-495,#1502 Simple  Men's drifit Polo Shirt korea fashion casual  poloshirt  high-quality,Forda 5 star naman binigay ko ai. Forda Sobrang nagustuhan ko kasi eh. Kaya naman forda order ka na nagbabasa neto,2023-04-09,0.5585,positive
review-496,#1502 Simple  Men's drifit Polo Shirt korea fashion casual  poloshirt  high-quality,Maganda Ang tela.,2024-02-16,0.7222,positive
review-497,#1502 Simple  Men's drifit Polo Shirt korea fashion casual  poloshirt  high-quality,Colour: white black Okay lng,2023-10-13,0.1667,positive
review-498,Unknown Product,Material Quality: good Sana magtagal Appearance: good Colour: good Maliit pala Akala ko medyu Malaki Grade 5 Kasi gagamit pero oki nrin for temporary,2026-01-10,0.4495,positive
review-499,Unknown Product,Maganda ang quality highly recommended ko to,2026-02-23,0.6614,positive
review-500,Unknown Product,Colour: hindi sakto ang kulay na dumating Appearance: ok lang Material Quality: thanks seller.. unisex din nman.,2026-05-18,0.0625,positive
review-501,Mens Wallets Slim Men Leather Wallet with Multiple Slots Multifunctional Mens Wallet,"Colour: Dark Brown Material Quality: Leather/Good quality Appearance: Good condition/Looks like expensive Maganda ang wallet at ang bilis dumating. I ordered it last August 31, 2025 and was delivered today September 3, 2025. And my location is in Cebu. I didn't expect the delivery speed kudos to the seller as well as the delivery rider. Thank you so much☺️",2025-09-03,0.4872,positive
review-502,Mens Wallets Slim Men Leather Wallet with Multiple Slots Multifunctional Mens Wallet,Colour: love it Material Quality: very good Appearance: super appealing Fast delivery. Material is good. Look classy. I love it. Thanks seller for this low price but good quality product.,2025-07-07,0.6535,positive
review-503,Mens Wallets Slim Men Leather Wallet with Multiple Slots Multifunctional Mens Wallet,Durability: the wallet feels sturdy enough for everyday used Appearance: I like how the wallet looks minimalist and stylish Super nice and Good for everyday used this kind of wallet can bring you more confident and attractive to girls hahaha,2026-08-03,0.6162,positive
review-504,Mens Wallets Slim Men Leather Wallet with Multiple Slots Multifunctional Mens Wallet,Colour: okay Material Quality: okay Appearance: okay Nice and very good products. Well packed. Shipped immediately. Worth it for the price. Thank you seller and rider for smooth transactions. Will order again.,2025-07-07,0.5853,positive
review-505,Mens Wallets Slim Men Leather Wallet with Multiple Slots Multifunctional Mens Wallet,Colour: dark brown ❤️ Appearance: ang Ganda hindi Sayang ang pera ☺️ Material Quality: good Quility ❤️,2025-06-23,0.6891,positive
review-506,Mens Wallets Slim Men Leather Wallet with Multiple Slots Multifunctional Mens Wallet,"Colour: dark brown Material Quality: 5/10 Appearance: 7/10 What do you expect from cheap items? Anw, thanks pa rin kay seller for sending the right item, thanks din kay kuya rider for fast delivery.",2025-09-19,0.5349,positive
review-507,Mens Wallets Slim Men Leather Wallet with Multiple Slots Multifunctional Mens Wallet,Material Quality: goods Colour: nice Appearance: nice sulit naman yung presyo.nya sa items,2025-05-20,0.685,positive
review-508,Mens Wallets Slim Men Leather Wallet with Multiple Slots Multifunctional Mens Wallet,"Appearance: thin Material Quality: leather like? im not sure pero water proof Colour: black i was expecting na 8 yung card slots, pero 3 card slots lang plus 1 ID card slot. okay na din for the price. and fast shipping! thank you seller",2025-10-11,0.4083,positive
review-509,Mens Wallets Slim Men Leather Wallet with Multiple Slots Multifunctional Mens Wallet,Quality: good quality Appearance: good Colour: good color and big Legit na legitsya,2026-05-27,0.6748,positive
review-510,Mens Wallets Slim Men Leather Wallet with Multiple Slots Multifunctional Mens Wallet,"Material Quality: matibay and affordable Appearance: sobrang ganda!🥰 Colour: what you see is what you get talaga sya.thank you po ulit! Grabe! Kahit mura sya,ang ganda n'ya.thank you, seller! Order na din po kayo zps9k6wr3_",2025-05-12,0.7154,positive
review-511,Mens Wallets Slim Men Leather Wallet with Multiple Slots Multifunctional Mens Wallet,"Quality: sturdy for daily use Appearance: looks classy Colour: nice, it matches my preference",2026-03-26,0.6842,positive
review-512,Mens Wallets Slim Men Leather Wallet with Multiple Slots Multifunctional Mens Wallet,Durability: maganda sya madaming malalagay Appearance: simple lang pero maganda maganda fi madami kang mga id,2026-07-30,0.6543,positive
review-513,Mens Wallets Slim Men Leather Wallet with Multiple Slots Multifunctional Mens Wallet,Durability: sturdy enough for everyday use Appearance: classy Makapal naman siya at magaan,2026-07-25,0.4792,positive
review-514,Mens Wallets Slim Men Leather Wallet with Multiple Slots Multifunctional Mens Wallet,"Quality: durable Appearance: Ang cute Ng design Colour: match sa inorder ko Superr Ganda, highly recommended and pwede pang regalo sa Boyfriend nyo hehe",2026-03-08,0.6852,positive
review-515,Mens Wallets Slim Men Leather Wallet with Multiple Slots Multifunctional Mens Wallet,Appearance: wallet looks stylish and cute Durability: good for daily use Maganda ung quality nang wallet at matibay xa at mura lng... super thank you KY reseller at raider kc binalot nang maayos ang mga order ko,2026-06-01,0.6701,positive
review-516,Mens Wallets Slim Men Leather Wallet with Multiple Slots Multifunctional Mens Wallet,Colour: Same I ordered Appearance: Good Material Quality: Good Thanks so much seller for the fast and safe delivery of my order. Til next transaction po...👍,2025-04-12,0.6234,positive
review-517,Mens Wallets Slim Men Leather Wallet with Multiple Slots Multifunctional Mens Wallet,Quality: sturdy and classy Appearance: matches preference Colour: ang sarap sa eyes ng colors this is good as a gift as well,2026-05-27,0.5833,positive
review-518,Mens Wallets Slim Men Leather Wallet with Multiple Slots Multifunctional Mens Wallet,"Quality: Actually better than I expected considering I bought this for 39 pesos Appearance: I like the design and the color of the product, tho I am quite bothered by the 2nd row how it not flatten completely (maybe it is a design?) but overall it is actually really nice, the stitches aint bad 👌 Colour: Yes the color is the same in the picture Well thank you for this even though I have no cash to put (we never know, someone generous might give me cash 😏)",2026-05-22,0.5491,positive
review-519,Mens Wallets Slim Men Leather Wallet with Multiple Slots Multifunctional Mens Wallet,Material Quality: Good Quality Appearance: Good Colour: Good Salamat shoppe and sa Rider!!! More customers to come,2025-06-25,0.7015,positive
review-520,Mens Wallets Slim Men Leather Wallet with Multiple Slots Multifunctional Mens Wallet,Appearance: very stylish 10/10 Durability: very useful Will order again the item is so good and the quality? Its giving classy vibe,2026-06-18,0.7431,positive
review-521,Mens Wallets Slim Men Leather Wallet with Multiple Slots Multifunctional Mens Wallet,Colour: ok Material Quality: nice Appearance: good salamat po at dumating na ung order ko maganda sya kahit mumumrahin lng may reserva na ako tnx sa rider at sa seller lalo na syempre kay shoppee.,2025-07-09,0.4937,positive
review-522,Mens Wallets Slim Men Leather Wallet with Multiple Slots Multifunctional Mens Wallet,"Okay at and alrighty then ang bilis dumating ng mga parcel orders ko Kay naman order nlng ulit, ay os din Naman ang quantity at",2025-02-27,0.3258,positive
review-523,Mens Wallets Slim Men Leather Wallet with Multiple Slots Multifunctional Mens Wallet,Appearance: stylish minimalist wallet Durability: for daily use Masaya Yung Kapatid ko dahil dumating na Ang wallet niya,2026-06-10,0.625,positive
review-524,Mens Wallets Slim Men Leather Wallet with Multiple Slots Multifunctional Mens Wallet,Quality: The quality is good but a bit fragile Appearance: The appearance is appealing Colour: Love the dark color Might buy again.,2026-05-15,0.779,positive
review-525,Mens Wallets Slim Men Leather Wallet with Multiple Slots Multifunctional Mens Wallet,"Appearance: good same as the photos, thinner than I expected Material Quality: ok quality, it is flimsy but suits the price Colour: black for men, serves its purpose",2025-10-10,0.1228,positive
review-526,Mens Wallets Slim Men Leather Wallet with Multiple Slots Multifunctional Mens Wallet,Appearance: the wallet looks stylish and classy with a minimalist design Durability: the wallet feels sturdy for daily use and holds up well Maganda nagustuhan ng kapatid ko,2026-06-14,0.6591,positive
review-527,Mens Wallets Slim Men Leather Wallet with Multiple Slots Multifunctional Mens Wallet,Durability: Sturdy enough for everyday use Appearance: Minimalistic and stylish Maganda siya maybe soon I'll buy it again for my Dad or when I need to buy again,2026-07-30,0.25,positive
review-528,Mens Wallets Slim Men Leather Wallet with Multiple Slots Multifunctional Mens Wallet,"Super affordable pero hindi cheap ang quality! Best gift idea for boys/ men lalo ngayong Valentine's! Ang ganda ng shades, minimalist design, very sulit!",2026-02-06,0.7623,positive
review-529,Mens Wallets Slim Men Leather Wallet with Multiple Slots Multifunctional Mens Wallet,"Appearance: good Material Quality: leather Colour: dark brown Goods naman sakto lang sa price nya,. thanks seller and thanks din sa rider. GOD bless 🙏😇",2025-04-23,0.6639,positive
review-530,Mens Wallets Slim Men Leather Wallet with Multiple Slots Multifunctional Mens Wallet,Appearance: Too elegant for its price. Durability: Quality wallet. Will order again,2026-06-19,0.7494,positive
review-531,Mens Wallets Slim Men Leather Wallet with Multiple Slots Multifunctional Mens Wallet,Quality: it feels kinda plasticy but in a good way Appearance: very minamal Colour: brown subtle,2026-05-02,0.759,positive
review-532,Mens Wallets Slim Men Leather Wallet with Multiple Slots Multifunctional Mens Wallet,Quality: it's good Appearance: good Colour: it's right All goods,2026-05-18,0.6739,positive
review-533,Mens Wallets Slim Men Leather Wallet with Multiple Slots Multifunctional Mens Wallet,Material Quality: 10/10 Appearance: 9/10 Napaka ganda nya guys bumili na kayo dito sa shop nila napaka Mora at napaka good ng Quality nya guys sulit pera ko dito men,2025-05-27,0.683,positive
review-534,Mens Wallets Slim Men Leather Wallet with Multiple Slots Multifunctional Mens Wallet,"Quality: good Appearance: pangyayamanin ang itsura Colour: brown Sorry if nasa plastic pa siya,dko binubuksan kasi pang gift ko kasi,perro good naman🥰",2026-03-29,0.4681,positive
review-535,Mens Wallets Slim Men Leather Wallet with Multiple Slots Multifunctional Mens Wallet,"Colour: Black Material Quality: Good Appearance: Nice, it looks mamahalin",2025-11-16,0.6667,positive
review-536,Mens Wallets Slim Men Leather Wallet with Multiple Slots Multifunctional Mens Wallet,Appearance: maganda Colour: very loveable Material Quality: amazing Legit na legit guys kaya Dito na kayo bumili,2025-09-10,0.7024,positive
review-537,Mens Wallets Slim Men Leather Wallet with Multiple Slots Multifunctional Mens Wallet,"Colour: Black Material Quality: Leather Appearance: Black Oks namn sya kaso kla ko may zipper pra sa lagayan ng coins wla pla my mistake pero overall I like the product parin, un nga lng puro bills lng ang pwedeng lagyan nito.",2025-10-27,0.2,positive
review-538,Mens Wallets Slim Men Leather Wallet with Multiple Slots Multifunctional Mens Wallet,Colour: Good Appearance: good Material Quality: good Maganda slaamat Mabilis din ang shipping Love it Order ako ulit Next time heheheh slamaat ♥️🙏 Sana laging ganto Good service♥️😘,2025-02-07,0.693,positive
review-539,Mens Wallets Slim Men Leather Wallet with Multiple Slots Multifunctional Mens Wallet,Durability: ok Appearance: minimalistic style Ok mbilis dumating my kunti lng sa my lagayan sim ..pero goods n din tnx po,2026-07-25,0.5699,positive
review-540,Mens Wallets Slim Men Leather Wallet with Multiple Slots Multifunctional Mens Wallet,Durability: The wallet feels sturdy enough for everyday use. Appearance: The design matches my preferences and appears classy. It's reliable wallet and safe,2026-08-07,0.6748,positive
review-541,Mens Wallets Slim Men Leather Wallet with Multiple Slots Multifunctional Mens Wallet,Durability: the wallet is feels sturdy and good for everyday use Appearance: i like its style,2026-07-15,0.6774,positive
review-542,Mens Wallets Slim Men Leather Wallet with Multiple Slots Multifunctional Mens Wallet,Durability: feels sturdy and ready to use Appearance: I like the design Maganada,2026-07-14,0.7059,positive
review-543,Mens Wallets Slim Men Leather Wallet with Multiple Slots Multifunctional Mens Wallet,"Appearance: classy design Material Quality: strong and durable The wallet looks exactly like the picture. The color is nice and classy, and it doesn’t look cheap at all. It’s slim but still spacious enough to hold all my essentials. The zipper runs smoothly and feels sturdy. I highly recommend this to anyone looking for an affordable yet stylish wallet.",2026-02-17,0.695,positive
review-544,Mens Wallets Slim Men Leather Wallet with Multiple Slots Multifunctional Mens Wallet,Colour: brown Material Quality: very good Appearance: very good,2025-07-16,0.726,positive
review-545,Mens Wallets Slim Men Leather Wallet with Multiple Slots Multifunctional Mens Wallet,Material Quality: goods Appearance: goods Colour: goods Maganda xa,2025-09-10,0.6899,positive
review-546,Mens Wallets Slim Men Leather Wallet with Multiple Slots Multifunctional Mens Wallet,Quality: good Appearance: match perfectly Colour: black,2026-03-31,0.7333,positive
review-547,Mens Wallets Slim Men Leather Wallet with Multiple Slots Multifunctional Mens Wallet,"Durability: ang Ganda Ng wallet nato Ganda nong pagka gwa nya Appearance: maganda kasi kasya lahat Ng mga id's ang Ganda into perfect pang bigay sa bf, and also Ganda talaga ng wallet I'm so obsessed thanks seller",2026-07-21,0.7039,positive
review-548,Mens Wallets Slim Men Leather Wallet with Multiple Slots Multifunctional Mens Wallet,Appearance: The wallet looks stylish and classy with minimalist design. Durability: The wallet feels sturdy for daily use and holds up well.,2026-06-17,0.6875,positive
review-549,Mens Wallets Slim Men Leather Wallet with Multiple Slots Multifunctional Mens Wallet,Appearance: ✅ Material Quality: ✅ Goods naman maganda,2025-05-28,0.6721,positive
review-550,Mens Wallets Slim Men Leather Wallet with Multiple Slots Multifunctional Mens Wallet,Appearance: the wallet feels luxurious Durability: 9/10,2026-06-20,0.7059,positive
review-551,Mens Wallets Slim Men Leather Wallet with Multiple Slots Multifunctional Mens Wallet,Colour: great Material Quality: durable Appearance: good,2025-07-05,0.717,positive
review-552,Mens Wallets Slim Men Leather Wallet with Multiple Slots Multifunctional Mens Wallet,Appearance: Stunning Material Quality: Durable Colour: Black,2025-06-07,0.697,positive
review-553,Mens Wallets Slim Men Leather Wallet with Multiple Slots Multifunctional Mens Wallet,Durability: ang ganda neto goods Appearance: gusto ko yung design/style nya Ang ganda neto tas ang mura pa sulit sa pang araw² na wallet,2026-07-21,0.6535,positive
review-554,Mens Wallets Slim Men Leather Wallet with Multiple Slots Multifunctional Mens Wallet,Appearance: Looks stylish Durability: for daily use and feels sturdy,2026-06-14,0.6875,positive
review-555,Mens Wallets Slim Men Leather Wallet with Multiple Slots Multifunctional Mens Wallet,Appearance: good Material Quality: good Colour: good good yung item kaso 1 star lng kasi masyadong malaki di kasya sa bulsa di korin nagamit,2025-07-21,0.3814,positive
review-556,Mens Wallets Slim Men Leather Wallet with Multiple Slots Multifunctional Mens Wallet,Colour: pangit Appearance: pangit ang seller Material Quality: pangit pangit,2026-07-17,-0.7419,negative
review-557,Mens Wallets Slim Men Leather Wallet with Multiple Slots Multifunctional Mens Wallet,Bat ganto bakbak agad kaka dating lang okay naman siya sana hayst,2026-01-15,-0.5833,negative
review-558,Mens Wallets Slim Men Leather Wallet with Multiple Slots Multifunctional Mens Wallet,"Sayang diko nakita iba po yung na deliveran ng driver, yung na deliveran po magkaparihas lang po kami ng pangalan at apelyido, ang pangalan ko po ""Lyca Eco"" sa kanya ""Lyka Eco"" at magkaiba din po ang location Hda.Urbasa brgy Mabini sakin, sa kanya proper Mabini po yun",2025-12-03,0.3103,positive
review-559,Mens Wallets Slim Men Leather Wallet with Multiple Slots Multifunctional Mens Wallet,Material Quality: ok na man pero Ang nipis nag tela isa han mo na lang to magagamit,2026-02-12,-0.2308,negative
review-560,Mens Wallets Slim Men Leather Wallet with Multiple Slots Multifunctional Mens Wallet,"Lala hindi dumating yung order, lumagpas nang 2days, hindi ba kayo karmahin niyan?",2026-03-16,0.3478,positive
review-561,Mens Wallets Slim Men Leather Wallet with Multiple Slots Multifunctional Mens Wallet,Kolang yung items ko dalawa binili ko isa lang yung dumating i pang fathers day ko sana yon sa papa ko hasy badtrip,2025-06-15,-0.1954,negative
review-562,Mens Wallets Slim Men Leather Wallet with Multiple Slots Multifunctional Mens Wallet,Hindi diniliver sakin,2025-09-09,-0.6875,negative
review-563,Mens Wallets Slim Men Leather Wallet with Multiple Slots Multifunctional Mens Wallet,"not rhe same as rhe photo, what a scam",2025-06-08,-0.7183,negative
review-564,Mens Wallets Slim Men Leather Wallet with Multiple Slots Multifunctional Mens Wallet,Kaya pala mura kasi,2026-08-05,0.6154,positive
review-565,Mens Wallets Slim Men Leather Wallet with Multiple Slots Multifunctional Mens Wallet,Thanks you for your time seller ☺️,2026-08-10,0.6364,positive
review-566,Mens Wallets Slim Men Leather Wallet with Multiple Slots Multifunctional Mens Wallet,sooo bad rejection binigay saken,2026-08-10,-0.75,negative
review-567,Mens Wallets Slim Men Leather Wallet with Multiple Slots Multifunctional Mens Wallet,Product: Defective/Damaged Item,2026-03-28,-0.7468,negative
review-568,Mens Wallets Slim Men Leather Wallet with Multiple Slots Multifunctional Mens Wallet,Product: Counterfeit product,2026-07-17,-0.7674,negative
review-569,Mens Wallets Slim Men Leather Wallet with Multiple Slots Multifunctional Mens Wallet,Product: Item Not as Described,2026-07-24,-0.7222,negative
review-570,Mens Wallets Slim Men Leather Wallet with Multiple Slots Multifunctional Mens Wallet,Colour: goood Material Quality: goood Appearance: good Good item and no scam,2025-05-07,0.7175,positive
review-571,Mens Wallets Slim Men Leather Wallet with Multiple Slots Multifunctional Mens Wallet,Colour: black Appearance: good Material Quality: good Thanks seller,2025-07-01,0.6667,positive
review-572,Mens Wallets Slim Men Leather Wallet with Multiple Slots Multifunctional Mens Wallet,Colour: i like the color Material Quality: good type of leather Appearance: nice and amazing texture,2025-06-11,0.6552,positive
review-573,Mens Wallets Slim Men Leather Wallet with Multiple Slots Multifunctional Mens Wallet,Colour: brown Appearance: good Material Quality: 5/10,2025-05-16,0.6774,positive
review-574,Mens Wallets Slim Men Leather Wallet with Multiple Slots Multifunctional Mens Wallet,Material Quality: Good Colour: brown Appearance: Amazing,2025-10-05,0.7297,positive
review-575,Mens Wallets Slim Men Leather Wallet with Multiple Slots Multifunctional Mens Wallet,Material Quality: 9/10 Colour: Okay Naman Maganda Yung Kulay Niya Appearance: 9/10,2025-05-14,0.6825,positive
review-576,Mens Wallets Slim Men Leather Wallet with Multiple Slots Multifunctional Mens Wallet,Material Quality: 8/10 Appearance: 9/10 Colour: 10/10 Mejo manipis yung wallet pro tingin ko nmn mgtatagal. Bibigay ko sa aswa ko nxt vacation nya. Gusto nya kasi lightweight lng kya ito na bnili ko for him. Thanks seller.,2025-03-15,0.5146,positive
review-577,Mens Wallets Slim Men Leather Wallet with Multiple Slots Multifunctional Mens Wallet,Appearance: 09/10 Material Quality: 09/10 Colour: 09/10,2025-03-07,0.7059,positive
review-578,Mens Wallets Slim Men Leather Wallet with Multiple Slots Multifunctional Mens Wallet,Material Quality: Good Colour: Good Appearance: Good,2025-01-07,0.6774,positive
review-579,Mens Wallets Slim Men Leather Wallet with Multiple Slots Multifunctional Mens Wallet,Colour: Nice Material Quality: Good Appearance: Good,2025-05-29,0.6703,positive
review-580,Mens Wallets Slim Men Leather Wallet with Multiple Slots Multifunctional Mens Wallet,Quality: nkjbhjb Colour: bbjinbkkbbb Bhjijk,2026-04-10,0.0,neutral
review-581,Mens Wallets Slim Men Leather Wallet with Multiple Slots Multifunctional Mens Wallet,Colour: black Appearance: good 9/10,2025-09-07,0.6923,positive
review-582,Mens Wallets Slim Men Leather Wallet with Multiple Slots Multifunctional Mens Wallet,The quality is good.,2026-07-08,0.6774,positive
review-583,Mens Wallets Slim Men Leather Wallet with Multiple Slots Multifunctional Mens Wallet,Angnipis nya don ehh ung nsa video ehh medjo mkapal sya pero ok nden,2025-06-13,0.5122,positive
review-584,Mens Wallets Slim Men Leather Wallet with Multiple Slots Multifunctional Mens Wallet,Material Quality: good Okay nmn maganda nice👍,2025-06-12,0.635,positive
review-585,Mens Wallets Slim Men Leather Wallet with Multiple Slots Multifunctional Mens Wallet,Durability: it's very durable and a very good quality I recommend buying I might purchase again for my brother Appearance: the design matches the one in the picture and it looks very good,2026-08-10,0.7234,positive
review-586,Mens Wallets Slim Men Leather Wallet with Multiple Slots Multifunctional Mens Wallet,Durability: The wallet is stuedy enough for my everyday use Appearance: The design matches my expectations Pretty good,2026-08-20,0.6907,positive
review-587,Mens Wallets Slim Men Leather Wallet with Multiple Slots Multifunctional Mens Wallet,Colour: dark brown Material Quality: excellent Appearance: Good,2025-07-03,0.7368,positive
review-588,Mens Wallets Slim Men Leather Wallet with Multiple Slots Multifunctional Mens Wallet,Quality: Material feels durable for daily use. Appearance: Design looks classy and matches what was shown on the pictures Colour: Color perfectly matches my preference. I just thought it was too large for my pockets haha and I didn't expect that the underside wasn't fully closed. But overall it's already great for me.,2026-03-15,0.7183,positive
review-589,Mens Wallets Slim Men Leather Wallet with Multiple Slots Multifunctional Mens Wallet,Appearance: Good Material Quality: Leather design Colour: black Beautiful and elegant design at this price point 🔥,2025-06-16,0.6269,positive
review-590,Mens Wallets Slim Men Leather Wallet with Multiple Slots Multifunctional Mens Wallet,"Mura na,pero manipis",2025-09-16,-0.0476,neutral
review-591,Mens Wallets Slim Men Leather Wallet with Multiple Slots Multifunctional Mens Wallet,Appearance: 7/10 Colour: 10 Material Quality: 7/10,2025-06-27,0.5455,positive
review-592,Mens Wallets Slim Men Leather Wallet with Multiple Slots Multifunctional Mens Wallet,Quality: maganda lahat,2026-03-20,0.7297,positive
review-593,Mens Wallets Slim Men Leather Wallet with Multiple Slots Multifunctional Mens Wallet,Durability: okay for the price,2026-07-21,0.5,positive
review-594,Mens Wallets Slim Men Leather Wallet with Multiple Slots Multifunctional Mens Wallet,Dumating natin pero Wala na akung pera,2025-12-05,0.0,neutral
review-595,Mens Wallets Slim Men Leather Wallet with Multiple Slots Multifunctional Mens Wallet,Masyado malaki,2025-07-01,-0.6667,negative
review-596,Mens Wallets Slim Men Leather Wallet with Multiple Slots Multifunctional Mens Wallet,Ok goods maganda,2025-06-15,0.6154,positive
review-597,Mens Wallets Slim Men Leather Wallet with Multiple Slots Multifunctional Mens Wallet,Durability: nsnsn,2026-07-29,0.0,neutral
review-598,Mens Wallets Slim Men Leather Wallet with Multiple Slots Multifunctional Mens Wallet,Good sya ..gamit ng partner ku ngyon ...,2025-05-09,0.6667,positive
review-599,SF 12PCS elegant girlish student style sexy simple cute High quality Korean version women's underwe 3,Material quality: malambot yung tela Appearance: simple pero maganda Colour: maganda mga kulay gustong gusto ng mga anak ko,2026-05-31,0.6501,positive
review-600,SF 12PCS elegant girlish student style sexy simple cute High quality Korean version women's underwe 3,Na tanggap ko na walang damages maganda yung tela sakto lng para presko 😊 salamat po seller I will buy again soon😊✋,2026-06-07,0.5628,positive
review-601,SF 12PCS elegant girlish student style sexy simple cute High quality Korean version women's underwe 3,Material quality: soft and comfy Colour: true to what i expect Kahapon ako nag order then dumating agad kinabukasan,2026-05-27,0.4643,positive
review-602,SF 12PCS elegant girlish student style sexy simple cute High quality Korean version women's underwe 3,Material quality: the material feels comfortable and soft Appearance: It appears elegant Colour: the assortment of colors is vibrant,2026-05-28,0.6183,positive
review-603,SF 12PCS elegant girlish student style sexy simple cute High quality Korean version women's underwe 3,Appearance: comfy sya at cotton tela nya. Sakto size Colour: maganda mga kulay hehe,2026-06-09,0.6907,positive
review-604,SF 12PCS elegant girlish student style sexy simple cute High quality Korean version women's underwe 3,"Appearance: it has a soft and comfortable to wear Colour: color are so adorable, so cute too Thank you seller",2026-05-07,0.6845,positive
review-605,SF 12PCS elegant girlish student style sexy simple cute High quality Korean version women's underwe 3,Appearance: looks expensive and may pa ribbon pa siya hahaa Colour: okay. lang iba iba kulay maganda din tela All goods lahat ng orders ko maganda din tela nya hindi siya manipis and may pa ribbon sya sa panty and assorted din siya kaya maayos and ayos lang sya sa 100+ imagine mo yorn? May 6 pcs panties kana sa 100 mo,2026-06-08,0.3927,positive
review-606,SF 12PCS elegant girlish student style sexy simple cute High quality Korean version women's underwe 3,Appearance: sakto natu for 1 week Colour: magaganda lahat,2026-07-29,0.697,positive
review-607,SF 12PCS elegant girlish student style sexy simple cute High quality Korean version women's underwe 3,Salamat seller talagang nagustuhan ko Po order ko subrang Ganda ng tela nya😍🫰🫰🫰,2026-06-10,0.6118,positive
review-608,SF 12PCS elegant girlish student style sexy simple cute High quality Korean version women's underwe 3,Appearance: malambot ska hnd maiinit Colour: ganda ☺,2026-08-06,0.4444,positive
review-609,SF 12PCS elegant girlish student style sexy simple cute High quality Korean version women's underwe 3,Appearance: simple Colour: vibrant colours Comfy to wear,2026-07-24,0.6552,positive
review-610,SF 12PCS elegant girlish student style sexy simple cute High quality Korean version women's underwe 3,Appearance: excellence Colour: excellence excellence excellence excellence thank u so much seller ganda NG quality,2026-07-18,0.7535,positive
review-611,SF 12PCS elegant girlish student style sexy simple cute High quality Korean version women's underwe 3,Appearance: elegant and match my expected Colour: ganda ng mga color Material quality: Sobrang soft ng fabric,2026-06-16,0.6954,positive
review-612,SF 12PCS elegant girlish student style sexy simple cute High quality Korean version women's underwe 3,Material quality: cotton Appearance: good Colour: ok Thank you seller ❤️❤️❤️,2026-06-03,0.661,positive
review-613,SF 12PCS elegant girlish student style sexy simple cute High quality Korean version women's underwe 3,"Appearance: maganda po yung tela,comfortable suutin Colour: assorted",2026-06-17,0.7059,positive
review-614,SF 12PCS elegant girlish student style sexy simple cute High quality Korean version women's underwe 3,Appearance: ang disian ganda din Colour: ganda na sana ang color Ok na sana eihh na gustuahn ko pero dumating sakin 6pc lng order ko 12pc naging 6 lng☹️,2026-07-25,0.3514,positive
review-615,SF 12PCS elegant girlish student style sexy simple cute High quality Korean version women's underwe 3,Appearance: looks elegant Colour: true color Material quality: cotton make it gentle Good,2026-05-17,0.3182,positive
review-616,SF 12PCS elegant girlish student style sexy simple cute High quality Korean version women's underwe 3,Appearance: The underwear is very nice and stretcheble Colour: Colours are sorted and vibrant Material quality: The material feels so soft.,2026-06-15,0.6681,positive
review-617,SF 12PCS elegant girlish student style sexy simple cute High quality Korean version women's underwe 3,Appearance: Cotton and very comfortable to wear Colour: color selection are good and can be fun,2026-07-20,0.697,positive
review-618,SF 12PCS elegant girlish student style sexy simple cute High quality Korean version women's underwe 3,"Material quality: feels soft, gentle, and comfortable Appearance: appears elegant and coquette Colour: true from what I expected Love this, very okay to use. Thank youpo.",2026-06-01,0.5897,positive
review-619,SF 12PCS elegant girlish student style sexy simple cute High quality Korean version women's underwe 3,Appearance: okay lang naman mesyo manipis lang pero maganda naman yong quality thankyou so much muraaa ha infairness HAHAHA Colour: i love the color hindi sya yung sobrang lights sakto lang ang kulay ganda at ang bilis,2026-06-26,0.711,positive
review-620,SF 12PCS elegant girlish student style sexy simple cute High quality Korean version women's underwe 3,"Material quality: the panty feel soft, cotton and comfor Appearance: what you see is what you get Colour: colour is true",2026-05-30,0.6429,positive
review-621,SF 12PCS elegant girlish student style sexy simple cute High quality Korean version women's underwe 3,Colour: sobrang comfy suotin ( isa kasi nasa sampayan yung iba),2026-09-25,0.7222,positive
review-622,SF 12PCS elegant girlish student style sexy simple cute High quality Korean version women's underwe 3,Appearance: maganda Colour: good Ayos lang Yung size masarap isuot comfortable,2026-07-04,0.6894,positive
review-623,SF 12PCS elegant girlish student style sexy simple cute High quality Korean version women's underwe 3,"Appearance: The underpants looks elegant ang comfortable to use Colour: colors is assorted and vibrant Material quality: The materials feels soft, gentle and comfortable to use Good quality. Value for money. Thank u seller.",2026-06-12,0.6602,positive
review-624,SF 12PCS elegant girlish student style sexy simple cute High quality Korean version women's underwe 3,Appearance: I love the colors nice ang ganda ng mga colors Colour: I love it pastel style ng mga colors ni e Super ng products very affordable pa cotton sya and ang ganda ng colors nya,2026-07-02,0.7242,positive
review-625,SF 12PCS elegant girlish student style sexy simple cute High quality Korean version women's underwe 3,"Appearance: the design is simple and ok for me Colour: the colour is nice and l like it,",2026-06-18,0.5918,positive
review-626,SF 12PCS elegant girlish student style sexy simple cute High quality Korean version women's underwe 3,Appearance: looks good Colour: so cute and good color,2026-08-05,0.6875,positive
review-627,SF 12PCS elegant girlish student style sexy simple cute High quality Korean version women's underwe 3,Material quality: good Appearance: maganda po sakto sa anak ko Colour: maganda Salamat po sa items,2026-05-29,0.6571,positive
review-628,SF 12PCS elegant girlish student style sexy simple cute High quality Korean version women's underwe 3,"Nice quality, malambot. and fast delivery. Kahapon ko lang inorder. Thanks.",2026-05-08,0.4186,positive
review-629,SF 12PCS elegant girlish student style sexy simple cute High quality Korean version women's underwe 3,Appearance: 10/10 Colour: true color Very comfortable and cotton made,2026-07-29,0.7403,positive
review-630,SF 12PCS elegant girlish student style sexy simple cute High quality Korean version women's underwe 3,"Appearance: the appearance meets my expectations Colour: the colors are assorted No damage at all, everything was good and also it is not uncomfortable when you wear it. The cloth is also soft",2026-05-03,0.5122,positive
review-631,SF 12PCS elegant girlish student style sexy simple cute High quality Korean version women's underwe 3,Appearance: 10/10 ganda! Colour: goods na goods?! Soft And smooth di siya mainit sa balat.. salamat seller sobrang bilis ng delivery!!,2026-07-17,0.7122,positive
review-632,SF 12PCS elegant girlish student style sexy simple cute High quality Korean version women's underwe 3,Appearance: Maganda yung panty Colour: Yung colors ay maganda talaga okay naman siya para sa akin. Manipis siya at parang simless talaga siya walang bakal pag nag suot ka nang masisikip,2026-06-28,-0.1498,negative
review-633,SF 12PCS elegant girlish student style sexy simple cute High quality Korean version women's underwe 3,Appearance: maganda Colour: maganda Ok sya sakto sakin,2026-08-04,0.6491,positive
review-634,SF 12PCS elegant girlish student style sexy simple cute High quality Korean version women's underwe 3,Appearance: match my expectations Colour: assorted and vibrant colors,2026-06-23,0.6429,positive
review-635,SF 12PCS elegant girlish student style sexy simple cute High quality Korean version women's underwe 3,Appearance: it has simple design and comfortable kind of fabric. Colour: random but warm colors. Thank you seller for these legit product..,2026-07-14,0.661,positive
review-636,SF 12PCS elegant girlish student style sexy simple cute High quality Korean version women's underwe 3,Appearance: nice Colour: vibrant Sakto lang sakin napili kong size maganda din quality ng tela worth it sa price nya,2026-05-15,0.6732,positive
review-637,SF 12PCS elegant girlish student style sexy simple cute High quality Korean version women's underwe 3,"Appearance: goods Colour: maganda Material quality: soft, medyo manipis, di sya gaano ka strechable, good for kids size lang. anyways maganda naman.",2026-06-10,0.6215,positive
review-638,SF 12PCS elegant girlish student style sexy simple cute High quality Korean version women's underwe 3,Appearance: It's okay Material Quality: The material is soft and stretched Colour: The colour's is cute It's so true to size,2026-05-06,0.3103,positive
review-639,SF 12PCS elegant girlish student style sexy simple cute High quality Korean version women's underwe 3,Colour: random color Appearance: medium nice sakto rasad SA price Material Quality: cotton sakto rasad ni akong anak,2026-06-11,0.6429,positive
review-640,SF 12PCS elegant girlish student style sexy simple cute High quality Korean version women's underwe 3,"Appearance: the underpants are elegant and match my expectations Colour: colours are assorted and vibrant, just like in the photo Material quality: The material feels soft, gentle, and comfortable on skin pretty, durable, aesthetic, cool, nice, gorgeous, and budget friendly",2026-06-15,0.654,positive
review-641,SF 12PCS elegant girlish student style sexy simple cute High quality Korean version women's underwe 3,Appearance: Simple Colour: Assorted Material quality: Comfortable Nice kaau sya,2026-05-18,0.6552,positive
review-642,SF 12PCS elegant girlish student style sexy simple cute High quality Korean version women's underwe 3,Appearance: what you see is what you get Colour: Random colors Material quality: soft and comfortable,2026-05-19,0.6429,positive
review-643,SF 12PCS elegant girlish student style sexy simple cute High quality Korean version women's underwe 3,"Appearance: smooth Colour: colors are good,texture soft ,fits the size that i select",2026-05-01,0.6429,positive
review-644,SF 12PCS elegant girlish student style sexy simple cute High quality Korean version women's underwe 3,"Appearance: It looks so modest and cute Colour: The colors are vibrant and I liked it! Material quality: It's feels soft, comfortable and it's just as expected",2026-06-10,0.6644,positive
review-645,SF 12PCS elegant girlish student style sexy simple cute High quality Korean version women's underwe 3,Appearance: naganda Colour: many colors good,2026-08-07,0.7015,positive
review-646,SF 12PCS elegant girlish student style sexy simple cute High quality Korean version women's underwe 3,"Appearance: Simple and it matched what I expected Colour: I love all the assorted colors You get what you expect, overall my rate is perfect. Ordered perfect and in good condition. Exceeded my expectations.",2026-08-03,0.6729,positive
review-647,SF 12PCS elegant girlish student style sexy simple cute High quality Korean version women's underwe 3,Appearance: vgood Colour: assorted Material Quality: vgood Vgood thank you seller At ky rider Ang bilis ng shipment St sa uulitin,2026-04-22,0.7037,positive
review-648,SF 12PCS elegant girlish student style sexy simple cute High quality Korean version women's underwe 3,Appearance: is it so cute and thick Colour: every color is plain and what you see is what you will get,2026-05-24,0.7059,positive
review-649,SF 12PCS elegant girlish student style sexy simple cute High quality Korean version women's underwe 3,Appearance: looks good Material quality: cotton true to size looks good definitely will biy again angelica_cc,2026-05-19,0.6774,positive
review-650,SF 12PCS elegant girlish student style sexy simple cute High quality Korean version women's underwe 3,Material Quality: cotton Colour: assorted Appearance: soft,2026-04-23,0.6154,positive
review-651,SF 12PCS elegant girlish student style sexy simple cute High quality Korean version women's underwe 3,Appearance: the apperance seem look like the image it reañly suited well Colour: the color are assorted it like it Actually 6pcs po siya but only 1pc.na na ñicture ko kasi na gamit ko nalahat very comfy siya hindi masikip at init ruberdy,2026-05-04,0.3137,positive
review-652,SF 12PCS elegant girlish student style sexy simple cute High quality Korean version women's underwe 3,Appearance: simple design and in random colors Colour: pink blue white peach and green I love it na sobrang stretchy and cotton talaga yung fabric niya,2026-06-21,0.7143,positive
review-653,SF 12PCS elegant girlish student style sexy simple cute High quality Korean version women's underwe 3,Appearance: look is soft and matches Colour: colors is assorted Thank you seller dumating na order ko sakto lang at maganda sya isuot balak ko pa magorder,2026-05-09,0.5804,positive
review-654,SF 12PCS elegant girlish student style sexy simple cute High quality Korean version women's underwe 3,"This Pantie's is satisfying naman for me it's soft and very simple with one design ribbon, Thank you seller for have a good product! 🙌🏻🩵🩷🖤🧡💛💙",2026-06-10,0.6571,positive
review-655,SF 12PCS elegant girlish student style sexy simple cute High quality Korean version women's underwe 3,"Appearance: the appearance matches my expectations and is soft to touch Colour: the colours are plain asst and meet my needs Order completed ,PERFECT!",2026-05-04,0.7273,positive
review-656,SF 12PCS elegant girlish student style sexy simple cute High quality Korean version women's underwe 3,"All items are correct and complete. Well packed and fast delivery, will definitely order again. Thank you seller and God Bless po.",2026-06-02,0.5575,positive
review-657,SF 12PCS elegant girlish student style sexy simple cute High quality Korean version women's underwe 3,Appearance: good Colour: good Thank you so much...Ang gandaNg teLa.. stretchable po saktong sakto Lng siya sa akin...Thank you din sa rider na mabait at sa seLLer thank you again,2026-08-20,0.5676,positive
review-658,SF 12PCS elegant girlish student style sexy simple cute High quality Korean version women's underwe 3,"Appearance: mganda..tama long Sakin Yung size..Akala q nga maliit..pero sakto pala..slamat po ulit seller at sa rider Colour: p43#12pcs, m23-24waist Material Quality: good",2026-04-17,0.7567,positive
review-659,SF 12PCS elegant girlish student style sexy simple cute High quality Korean version women's underwe 3,"Sana naman assorted , may 4pcs at 3pcs na same color Sa picture 12 color pero yung pinadala same color lang Tapos inorder ko walang ribbon bakit may ribbon Malayong malayo sa picture niyo kaysa sa item na dumating",2026-05-29,0.4845,positive
review-660,SF 12PCS elegant girlish student style sexy simple cute High quality Korean version women's underwe 3,Product: Poor quality Sobrang nipis po ng tela like pagnabasa parang wala ka nang suot na panty,2026-06-09,-0.4,negative
review-661,SF 12PCS elegant girlish student style sexy simple cute High quality Korean version women's underwe 3,Appearance: 0 Colour: 0 Material quality: 0 SOBRANG LAYO SA PIC 😒😒😒😒😒😒,2026-06-11,-0.6706,negative
review-662,SF 12PCS elegant girlish student style sexy simple cute High quality Korean version women's underwe 3,Appearance: malayo s order ko Nung una ung una Kong order wlang ribbon DHL wlang ribbon nmn sa mga review..tpos d pantay Ang tahi mlki s hitang kbila d pantay d nmn Ako pilay pra mging d pantay ay kupo sayng Ang Pera umorder Ako KC una ngndahan aq bgo PG pnglwang order n palpak na skit nmn ah,2026-05-16,-0.3103,negative
review-663,SF 12PCS elegant girlish student style sexy simple cute High quality Korean version women's underwe 3,Material quality: hindi cotton isng gmit lng tnggl n tahi,2026-06-16,0.0,neutral
review-664,SF 12PCS elegant girlish student style sexy simple cute High quality Korean version women's underwe 3,Product: Item Not as Described Malliit ang size hindi kasya,2026-07-08,-0.6923,negative
review-665,SF 12PCS elegant girlish student style sexy simple cute High quality Korean version women's underwe 3,Change review to 1 star..during laba..pangit nung black color humalo sa light color...may black na sa likuran lahat...,2026-08-16,-0.7368,negative
review-666,SF 12PCS elegant girlish student style sexy simple cute High quality Korean version women's underwe 3,12 PCs naka lagay pero 6pcs lng Pala,2026-06-01,0.6875,positive
review-667,SF 12PCS elegant girlish student style sexy simple cute High quality Korean version women's underwe 3,Spandex ang tela 😅 kaya pala sobrang mura.,2026-06-04,0.5787,positive
review-668,SF 12PCS elegant girlish student style sexy simple cute High quality Korean version women's underwe 3,why po may ribbon wala pong ribbon ang binili ko,2026-05-29,0.1667,positive
review-669,SF 12PCS elegant girlish student style sexy simple cute High quality Korean version women's underwe 3,Bacon na ung garter 😡,2026-05-31,-0.7368,negative
review-670,SF 12PCS elegant girlish student style sexy simple cute High quality Korean version women's underwe 3,Pangit tela hindi cotton,2026-06-12,-0.7368,negative
review-671,SF 12PCS elegant girlish student style sexy simple cute High quality Korean version women's underwe 3,"Product: Item Not as Described, Poor quality",2026-07-23,-0.7143,negative
review-672,SF 12PCS elegant girlish student style sexy simple cute High quality Korean version women's underwe 3,bilis ma deliver hoping it has a good quality pag nagamit na ng daughter ko,2026-07-30,0.5349,positive
review-673,SF 12PCS elegant girlish student style sexy simple cute High quality Korean version women's underwe 3,Material Quality: cotton Appearance: cotton Colour: other color not good I don't want,2026-04-19,-0.6774,negative
review-674,SF 12PCS elegant girlish student style sexy simple cute High quality Korean version women's underwe 3,Appearance: I am expecting atlwast theres black in the set.,2026-04-21,0.0,neutral
review-675,SF 12PCS elegant girlish student style sexy simple cute High quality Korean version women's underwe 3,"Good for its price, kaso yung mga panties nag transfer yung kulay ng seams na black sa front and back. Sobrang obvious kitang kitang na ngka color black ang panties. But anyways ok lang naman sha for its price.",2026-06-11,0.5506,positive
review-676,SF 12PCS elegant girlish student style sexy simple cute High quality Korean version women's underwe 3,Appearance: maganda Material Quality: manipis at mabilis mapunit Colour: maganda,2026-04-26,0.6078,positive
review-677,SF 12PCS elegant girlish student style sexy simple cute High quality Korean version women's underwe 3,"Appearance: The fabric was way too different from the picture, it's thin but comfortable. Colour: Some colors are too ugly for an underwear.",2026-07-08,-0.476,negative
review-678,SF 12PCS elegant girlish student style sexy simple cute High quality Korean version women's underwe 3,Material quality: manipis Appearance: good Colour: good,2026-06-01,0.5082,positive
review-679,SF 12PCS elegant girlish student style sexy simple cute High quality Korean version women's underwe 3,Appearance: ok Material quality: mukhang manipis Sana aabotin ng dlawang linggo,2026-06-11,-0.2593,negative
review-680,SF 12PCS elegant girlish student style sexy simple cute High quality Korean version women's underwe 3,Material Quality: good Colour: good Appearance: good,2026-06-10,0.6774,positive
review-681,SF 12PCS elegant girlish student style sexy simple cute High quality Korean version women's underwe 3,"Appearance: manipis pala diko lang bet, sobrang nipis ng panty not good for the price",2026-06-08,0.1379,positive
review-682,SF 12PCS elegant girlish student style sexy simple cute High quality Korean version women's underwe 3,Appearance: ok sya pero pambata Colour: sakto lng,2026-07-28,0.6117,positive
review-683,SF 12PCS elegant girlish student style sexy simple cute High quality Korean version women's underwe 3,maganda na siya for it's price thanks seller,2026-07-13,0.3617,positive
review-684,SF 12PCS elegant girlish student style sexy simple cute High quality Korean version women's underwe 3,Appearance: nipis pero goods na,2026-07-16,0.4872,positive
review-685,SF 12PCS elegant girlish student style sexy simple cute High quality Korean version women's underwe 3,Appearance: Manipis,2026-06-05,-0.5238,negative
review-686,SF 12PCS elegant girlish student style sexy simple cute High quality Korean version women's underwe 3,Appearance: manipis,2026-06-24,-0.5238,negative
review-687,SF 12PCS elegant girlish student style sexy simple cute High quality Korean version women's underwe 3,ang ganda comfy,2026-06-16,0.6875,positive
review-688,SF 12PCS elegant girlish student style sexy simple cute High quality Korean version women's underwe 3,Appearance: ang nipis pls hi nsko,2026-05-25,-0.5,negative
review-689,SF 12PCS elegant girlish student style sexy simple cute High quality Korean version women's underwe 3,Appearance: not same with the photo,2026-06-12,-0.6154,negative
review-690,SF 12PCS elegant girlish student style sexy simple cute High quality Korean version women's underwe 3,Colour: true color Appearance: nice quality Matibay,2026-06-07,0.6774,positive
review-691,SF 12PCS elegant girlish student style sexy simple cute High quality Korean version women's underwe 3,Order is complete no issues or damages. Packed well with bubble wrap. Thanks seller for the proper packing. Will surely order again here.,2026-06-08,0.3846,positive
review-692,SF 12PCS elegant girlish student style sexy simple cute High quality Korean version women's underwe 3,"Fast delivery and this is already my second time ordering from this shop. Okay naman yung quality for its price, so sulit na rin. The item arrived in good condition and the transaction was smooth. Hindi man super premium, but it works well and serves its purpose. Overall, satisfied naman with my purchase.",2026-06-07,0.4614,positive
review-693,SF 12PCS elegant girlish student style sexy simple cute High quality Korean version women's underwe 3,Appearance: maganda malambot ang tela Colour: cute colors mabilis matuyo,2026-05-07,0.5455,positive
review-694,SF 12PCS elegant girlish student style sexy simple cute High quality Korean version women's underwe 3,Appearance: underpants look elegant match my expectations Colour: i love the assorted and vibrant colors available True to pictures true to size maganda di ma init,2026-07-02,0.7093,positive
review-695,SF 12PCS elegant girlish student style sexy simple cute High quality Korean version women's underwe 3,"Appearance: kaps Colour: amazing Stories, napakalupit ng item na toh matibay at maganda. Oorder ulit ako para sa asawa ko",2026-07-06,0.7059,positive
review-696,SF 12PCS elegant girlish student style sexy simple cute High quality Korean version women's underwe 3,Appearance: super ganda Colour: nice color,2026-06-25,0.7396,positive
review-697,SF 12PCS elegant girlish student style sexy simple cute High quality Korean version women's underwe 3,"Appearance: good quality I love it,,, the quality the color the shape, the seller the rider,,,",2026-05-06,0.7297,positive
review-698,SF 12PCS elegant girlish student style sexy simple cute High quality Korean version women's underwe 3,Eto nagustuhan ko talaga cotton amg tela. Hindi mainit sa balat. Comfortable. Palagay ko makakaorder pa ako sana ganto uli ipadala sakin. Thanks shopee.,2026-05-01,0.5575,positive
review-699,SF 12PCS elegant girlish student style sexy simple cute High quality Korean version women's underwe 3,Colour: good Appearance: good Material Quality: good Nice thanks seller,2026-04-12,0.6667,positive
review-700,SF 12PCS elegant girlish student style sexy simple cute High quality Korean version women's underwe 3,Appearance: Good Colour: Nice The photo and video are not related to thus point just to rate the item but the product is good no damage at all thank you so much,2026-07-17,0.6703,positive
review-701,SF 12PCS elegant girlish student style sexy simple cute High quality Korean version women's underwe 3,Thank you so much seller. the product is good. i will buy again soon. legit seller. very fast delivery. no damage. i love it.,2026-06-06,0.7019,positive
review-702,INS HOT Simple And Clean Canvas Crossbody Bag Casual Shoulder Bag Fashion Messenger Bag for Women 3,Appearance: 7/10 Material Quality: 7/10 Colour: 10/10 Ayoko ng strap nya madaling masira mga ganitong strap pero ang mismong bag maganda. Kasya din dito tumbler at payong. Perfect for the moms na gustong pumorma kahit na may dalang gamit ng bata. I dont think na magtatagal ang straps nya. Pero for its price worth it na to guys.,2025-01-17,0.6092,positive
review-703,INS HOT Simple And Clean Canvas Crossbody Bag Casual Shoulder Bag Fashion Messenger Bag for Women 3,"Colour: good Material Quality: good Appearance: good maganda yung item. quality at mura pa. maayos din kausap si seller, goods na goods. mabait din yung courier at naiship on time. baka bibili ako ulit. thanks",2025-03-29,0.6601,positive
review-704,INS HOT Simple And Clean Canvas Crossbody Bag Casual Shoulder Bag Fashion Messenger Bag for Women 3,Appearance: sobrang ganda Colour: black Material Quality: thin perfect for concert to magaan ito super madaming mailalaman dito kasya mini fan and everything omg,2025-01-29,0.6785,positive
review-705,INS HOT Simple And Clean Canvas Crossbody Bag Casual Shoulder Bag Fashion Messenger Bag for Women 3,Appearance: good Colour: black Material Quality: nylon i received the item in good condition and correct variation. seller shipped it immediately. i love it although i think its better not to put heavy things. thank you,2025-03-13,0.6283,positive
review-706,INS HOT Simple And Clean Canvas Crossbody Bag Casual Shoulder Bag Fashion Messenger Bag for Women 3,"Appearance: what you see is what you get Colour: black Material Quality: excellence ang ganda niya and perpuk pang pasok sa work or sa school, malaki rin ang space sa loob at may secret pocket din what you see is what you get. although malaki yung space niya sa loob eh tatlo lang naman yung nilagay ko kasi ayun lang yung gamit ko lol. thanks seller!",2025-07-18,0.6285,positive
review-707,INS HOT Simple And Clean Canvas Crossbody Bag Casual Shoulder Bag Fashion Messenger Bag for Women 3,"Colour: Goods Material Quality: Goods Appearance: Goods Ok naman sya ,maayos at maganda .Thankyy kay Seller super update talaga sila 🫰👌",2025-03-12,0.5954,positive
review-708,INS HOT Simple And Clean Canvas Crossbody Bag Casual Shoulder Bag Fashion Messenger Bag for Women 3,Material Quality: Good Colour: Khaki Appearance: Good Malaki yung bag and marami kang mailalagay na gamit then yung strap naman is mahaba.😄,2025-05-16,0.0769,positive
review-709,INS HOT Simple And Clean Canvas Crossbody Bag Casual Shoulder Bag Fashion Messenger Bag for Women 3,Appearance: It has a simple and clean design that fits everyday needs Colour: I received the bag with the same shade as advertised And the color white looks good,2026-04-10,0.5098,positive
review-710,INS HOT Simple And Clean Canvas Crossbody Bag Casual Shoulder Bag Fashion Messenger Bag for Women 3,Material Quality: good Appearance: good Colour: good Maganda ang bag murang halaga pero magagamit na sakto yun size sa gusto ko madami malalagay Bili na kayo sa shop na ito okay yun item na ito Salamat seller salamat shopee salamat rider.,2025-03-07,0.5994,positive
review-711,INS HOT Simple And Clean Canvas Crossbody Bag Casual Shoulder Bag Fashion Messenger Bag for Women 3,Colour: yes Material Quality: yes Appearance: yes What you see is what you get.,2025-06-26,0.0,neutral
review-712,INS HOT Simple And Clean Canvas Crossbody Bag Casual Shoulder Bag Fashion Messenger Bag for Women 3,Colour: tama Material Quality: ok nmn po siya sakto lng sa kapal Appearance: maganda po Pwedi Siya pang gala,2025-07-17,-0.3478,negative
review-713,INS HOT Simple And Clean Canvas Crossbody Bag Casual Shoulder Bag Fashion Messenger Bag for Women 3,Very nice ang bilis ng shipping kagabi klng na order dumating agad ngyon🥰👍👍👍,2025-03-11,0.6902,positive
review-714,INS HOT Simple And Clean Canvas Crossbody Bag Casual Shoulder Bag Fashion Messenger Bag for Women 3,"Appearance: gnda ng tahi, Colour: black Material Quality: canvas Thank u.seller bilis dumating ng item gnda ng bag at ang pgkakatahi👍👍👍",2025-02-28,0.593,positive
review-715,INS HOT Simple And Clean Canvas Crossbody Bag Casual Shoulder Bag Fashion Messenger Bag for Women 3,"Colour: dirty white ang real color niya Material Quality: cheap ang material Appearance: maganda As someone who buys luxury bags, cheap ang material nya pero maganda masyado ang design kaya bigyan ko ng 5 stars tsaka no damage at all",2025-07-01,0.6552,positive
review-716,INS HOT Simple And Clean Canvas Crossbody Bag Casual Shoulder Bag Fashion Messenger Bag for Women 3,Appearance: ok Material Quality: ok (nylon) Colour: black These are my daughter's orders. She was delighted when she opened the parcel. Packed individually so items are safe inside.,2025-02-13,0.5402,positive
review-717,INS HOT Simple And Clean Canvas Crossbody Bag Casual Shoulder Bag Fashion Messenger Bag for Women 3,Material Quality: good Colour: nice Appearance: good quality Thankyou seller soafer nice sa uulitin,2025-07-30,0.6667,positive
review-718,INS HOT Simple And Clean Canvas Crossbody Bag Casual Shoulder Bag Fashion Messenger Bag for Women 3,Well-packaged. Shipped immediately. J&T express delivery service is always great that's why I always choose it whenever I purchase.,2025-02-23,0.7561,positive
review-719,INS HOT Simple And Clean Canvas Crossbody Bag Casual Shoulder Bag Fashion Messenger Bag for Women 3,Colour: khaki Appearance: bag Spacious ang bag. Hopefully di sya masisira agad :)),2025-10-25,-0.7183,negative
review-720,INS HOT Simple And Clean Canvas Crossbody Bag Casual Shoulder Bag Fashion Messenger Bag for Women 3,"Appearance: classic Colour: khaki Material Quality: nylon, smooth Moneys worth. Good bag for its price. Buy yours now.",2025-06-23,0.4366,positive
review-721,INS HOT Simple And Clean Canvas Crossbody Bag Casual Shoulder Bag Fashion Messenger Bag for Women 3,"Appearance: Classic Colour: Very versatile Quality is good for its price, affordable",2026-04-21,0.6552,positive
review-722,INS HOT Simple And Clean Canvas Crossbody Bag Casual Shoulder Bag Fashion Messenger Bag for Women 3,Appearance: the bag looks amazing. Colour: the colour is perfect this is really I wanted Very comfy to wear so order now.,2026-02-20,0.3548,positive
review-723,INS HOT Simple And Clean Canvas Crossbody Bag Casual Shoulder Bag Fashion Messenger Bag for Women 3,Appearance: simple but goddamn Colour: matches what I want Good for styling,2026-09-21,0.7059,positive
review-724,INS HOT Simple And Clean Canvas Crossbody Bag Casual Shoulder Bag Fashion Messenger Bag for Women 3,Material Quality: Good Quality Appearance: Goods Colour: Black Maganda sya ang smooth nya tignan pati tela,2025-07-15,0.6774,positive
review-725,INS HOT Simple And Clean Canvas Crossbody Bag Casual Shoulder Bag Fashion Messenger Bag for Women 3,"Appearance: good Colour: khaki Material Quality: idunno pero maganda naman thank you seller and kuyang rider, soofer bilis ng pag ship, kakaorder ko lang tapos dumating sya agad HAHAHAAH thank you again seller may gagamitin me for school 🫶🏻🫶🏻",2025-07-03,0.5251,positive
review-726,INS HOT Simple And Clean Canvas Crossbody Bag Casual Shoulder Bag Fashion Messenger Bag for Women 3,"Appearance: it looks good and not too big Colour: black Material Quality: i really like it. i'm so excited to use this bag when i go out. u can put many things inside it. moreover, what's so great about this bag is that it's waterproof. thank you for this bag po! i will take good care of this so that it will last long.",2025-05-19,-0.1269,negative
review-727,INS HOT Simple And Clean Canvas Crossbody Bag Casual Shoulder Bag Fashion Messenger Bag for Women 3,Colour: ok Appearance: good Material Quality: good Ok namn maganda sya ewan lang kung matibay pero syempre nasa paggamit din ng tao..nagustuhan nman ng anak ko kaya Thank you seller maayos nman ung item nyo and Thank you din kay kuya rider buy na kayo mga mima,2025-08-01,0.6306,positive
review-728,INS HOT Simple And Clean Canvas Crossbody Bag Casual Shoulder Bag Fashion Messenger Bag for Women 3,Appearance: Very plain but looks so elegant Colour: i love the color brown. same as advertised This is nice and good for work or school,2026-04-05,0.6975,positive
review-729,INS HOT Simple And Clean Canvas Crossbody Bag Casual Shoulder Bag Fashion Messenger Bag for Women 3,"Material Quality: good Appearance: good Colour: good “I recently purchased a [product] from [Store Name], and I couldn’t be happier with my online shopping experience. Their website was user-friendly, making it easy to find the perfect item. The checkout process was smooth, and I received my order promptly. The [product] arrived in excellent condition, exactly as described on their website. I’m thrilled with the quality and will definitely",2025-03-01,0.6809,positive
review-730,INS HOT Simple And Clean Canvas Crossbody Bag Casual Shoulder Bag Fashion Messenger Bag for Women 3,The color of the bag I ordered is correct. Seller was very responsive and accommodating. Item is worth its price.,2025-07-23,0.359,positive
review-731,INS HOT Simple And Clean Canvas Crossbody Bag Casual Shoulder Bag Fashion Messenger Bag for Women 3,Ang simple lang ng bag at bagay din sa maliliit na item sana nga lang tumagal since light material sya. Perfect pang gala at kahit na anong occasion magagamit talaga. Thanks to seller,2025-11-13,0.4118,positive
review-732,INS HOT Simple And Clean Canvas Crossbody Bag Casual Shoulder Bag Fashion Messenger Bag for Women 3,Arrived in good condition. Fair for it's price. For everyday use. Thanks seller and rider,2025-02-18,0.6552,positive
review-733,INS HOT Simple And Clean Canvas Crossbody Bag Casual Shoulder Bag Fashion Messenger Bag for Women 3,Colour: nice Appearance: cute Material Quality: good Sa tagal ko ng nabili ng bag itong bag ang punaka gusto worth it! thank you!,2025-02-19,0.4118,positive
review-734,INS HOT Simple And Clean Canvas Crossbody Bag Casual Shoulder Bag Fashion Messenger Bag for Women 3,"Material Quality: Excellent Colour: white Appearance: classic and cassual Classic designs, worth the price, makapal din sya, made of quality material .. Good for college students.",2025-08-10,0.6622,positive
review-735,INS HOT Simple And Clean Canvas Crossbody Bag Casual Shoulder Bag Fashion Messenger Bag for Women 3,"Appearance: good Colour: same at picture Material Quality: very good Thank you so much po, happy buyer 😊❤️",2025-06-04,0.6861,positive
review-736,INS HOT Simple And Clean Canvas Crossbody Bag Casual Shoulder Bag Fashion Messenger Bag for Women 3,"Appearance: Clean and simple Colour: Black Good looking pag suot mo'to, no regret",2026-01-05,0.6875,positive
review-737,INS HOT Simple And Clean Canvas Crossbody Bag Casual Shoulder Bag Fashion Messenger Bag for Women 3,"Colour: great dark brown color Appearance: W Material Quality: thin dont expect too big but its a great bag tbh, ya need just a good style to get it all along, and u can add accessories to your bag too :>",2025-03-16,0.2727,positive
review-738,INS HOT Simple And Clean Canvas Crossbody Bag Casual Shoulder Bag Fashion Messenger Bag for Women 3,Appearance: maganda ang dating pagsuot at nakakapogi Colour: khaki good quality pasok na pasok sa presyo solid thank you seller bili ulit ako ibang kulay,2026-09-20,0.7059,positive
review-739,INS HOT Simple And Clean Canvas Crossbody Bag Casual Shoulder Bag Fashion Messenger Bag for Women 3,Material Quality: waterproof and w/ double lining Colour: Black Appearance: Fits for everyday use Affordable bag with quality,2025-07-02,-0.3333,negative
review-740,INS HOT Simple And Clean Canvas Crossbody Bag Casual Shoulder Bag Fashion Messenger Bag for Women 3,"Appearance: suitable for daily use Colour: I received the item the same colour as I expected. jeez, it's sooo good! the quality of the product is good. and it might not be visible in the picture but there's a pocket inside, plus it is also spacious. thankyou seller and to kuya rider! God bless!:)",2026-04-01,0.7015,positive
review-741,INS HOT Simple And Clean Canvas Crossbody Bag Casual Shoulder Bag Fashion Messenger Bag for Women 3,Material Quality: very good Appearance: very good Colour: black Ty seller for this item highly recommend this store what you see what you get 😘,2025-06-11,0.5935,positive
review-742,INS HOT Simple And Clean Canvas Crossbody Bag Casual Shoulder Bag Fashion Messenger Bag for Women 3,Material Quality: fabric Appearance: good Colour: khaki and brown Good for the prize ….shipped immediately….fair lang yung quality sana matibay,2025-02-04,0.6809,positive
review-743,INS HOT Simple And Clean Canvas Crossbody Bag Casual Shoulder Bag Fashion Messenger Bag for Women 3,"Appearance: The bag is simple and very lightweight. Colour: I received the same color as my order. The parcel arrived on time and the bag is lightweight, easy to bring.",2026-02-13,0.0769,positive
review-744,INS HOT Simple And Clean Canvas Crossbody Bag Casual Shoulder Bag Fashion Messenger Bag for Women 3,"Appearance: Its a nice bag, it very chic Colour: I like the color khaki it will blend to my get up evryday Its affordable can recommend to anybody",2026-09-20,0.4366,positive
review-745,INS HOT Simple And Clean Canvas Crossbody Bag Casual Shoulder Bag Fashion Messenger Bag for Women 3,Colour: 𝚠𝚑𝚒𝚝𝚎 Material Quality: 𝚐𝚘𝚘𝚍 𝚆𝚎𝚕𝚕 𝚝𝚑𝚎 𝚋𝚊𝚐 𝚒𝚜 𝚗𝚒𝚌𝚎 𝚜𝚘𝚋𝚛𝚊𝚗𝚐 𝚐𝚊𝚗𝚍𝚊 𝚊𝚗𝚍 𝚖𝚊𝚊𝚢𝚘𝚜 𝚠𝚊𝚕𝚊𝚗𝚐 𝚜𝚒𝚛𝚊 𝚊𝚗𝚍 𝙸 𝚕𝚘𝚟𝚎 𝚝𝚑𝚎 𝚜𝚝𝚢𝚕𝚎.𝙸 𝚠𝚒𝚕𝚕 𝚘𝚛𝚍𝚎𝚛 𝚊𝚗𝚘𝚝𝚑𝚎𝚛 𝚗𝚎𝚡𝚝 𝚝𝚒𝚖𝚎 𝚝𝚑𝚊𝚗𝚔 𝚢𝚘𝚞 𝚜𝙴𝚕𝚕𝚎𝚛 𝚊𝚗𝚍 𝚝𝚑𝚊𝚗𝚔 𝚞 𝚍𝚒𝚗 𝚜𝚊 𝚛𝚒𝚍𝚎𝚛 𝚗𝚊 𝚗𝚊𝚐𝚍𝚎𝚕𝚒𝚎𝚟𝚎𝚛,2025-03-15,0.554,positive
review-746,INS HOT Simple And Clean Canvas Crossbody Bag Casual Shoulder Bag Fashion Messenger Bag for Women 3,Appearance: Very satisfied Material Quality: Very Satisfied Colour: Very satisfied Ang ganda ng product. Gamit na gamit ko sa pang araw araw .,2025-07-01,0.7054,positive
review-747,INS HOT Simple And Clean Canvas Crossbody Bag Casual Shoulder Bag Fashion Messenger Bag for Women 3,"Material Quality: Very good Appearance: Super ganda 😍 Colour: Super ganda Napakaganda nung bag super sulit ang pera, ngayon lang ako na satisfied sa lahat ng inorder ko na bag",2025-05-04,0.669,positive
review-748,INS HOT Simple And Clean Canvas Crossbody Bag Casual Shoulder Bag Fashion Messenger Bag for Women 3,Appearance: The bag looks classic Colour: The color matches what was shown Nice,2026-02-10,-0.2593,negative
review-749,INS HOT Simple And Clean Canvas Crossbody Bag Casual Shoulder Bag Fashion Messenger Bag for Women 3,"Material Quality: good Colour: Good, same as the pic Appearance: Nice It's good nice product, you can put foldable umbrella in it cellphone etc..",2025-08-12,0.661,positive
review-750,INS HOT Simple And Clean Canvas Crossbody Bag Casual Shoulder Bag Fashion Messenger Bag for Women 3,Appearance: all goods Material Quality: good Ang ganda super 2nd time kona nag oreder sa kanila yung quality ng item what you see what you get talga solid at on time si seller sa delivery ng item ❤️,2025-03-23,0.6818,positive
review-751,INS HOT Simple And Clean Canvas Crossbody Bag Casual Shoulder Bag Fashion Messenger Bag for Women 3,Material Quality: Good Appearance: Nice Colour: Okay Hindi ko pa nabubuksan kasi hindi 'to akin HAHAHA thanks po sa mabilis na delivery. Salamat at maaga pinadala ni seller. Will buy again kapag nagustuhan,2025-03-23,0.6154,positive
review-752,INS HOT Simple And Clean Canvas Crossbody Bag Casual Shoulder Bag Fashion Messenger Bag for Women 3,"Appearance: it has clean with no design, minimalist bag really love it Colour: I received the bag with the exact colour I've chosen. very pretty ng bag , spacious din I'll definitely order again.",2026-06-10,-0.1438,negative
review-753,INS HOT Simple And Clean Canvas Crossbody Bag Casual Shoulder Bag Fashion Messenger Bag for Women 3,Appearance: Nice Material Quality: Good Colour: khaki,2025-05-29,0.6667,positive
review-754,INS HOT Simple And Clean Canvas Crossbody Bag Casual Shoulder Bag Fashion Messenger Bag for Women 3,"Appearance: nice, good appearance simple but aesthetic design Colour: it Match was it shown Nice material good design as i already said that simple but aesthetic highly recommended",2026-03-29,0.727,positive
review-755,INS HOT Simple And Clean Canvas Crossbody Bag Casual Shoulder Bag Fashion Messenger Bag for Women 3,"Appearance: Great Hello seller, the parcel arrived in good condition. Thank you!",2025-02-01,0.7059,positive
review-756,INS HOT Simple And Clean Canvas Crossbody Bag Casual Shoulder Bag Fashion Messenger Bag for Women 3,"Appearance: clean design Colour: goodss bili na kayoo ditoo, quality yung bag nila",2026-06-20,0.4,positive
review-757,INS HOT Simple And Clean Canvas Crossbody Bag Casual Shoulder Bag Fashion Messenger Bag for Women 3,Appearance: good Colour: simple ang ganda niya at spacious siya,2026-06-20,0.4737,positive
review-758,INS HOT Simple And Clean Canvas Crossbody Bag Casual Shoulder Bag Fashion Messenger Bag for Women 3,Appearance: it looks what it says in the description. Colour: true to colors Actually hindi ko pa siya nagagamit pero mukha namang maganda I hope it will last.,2026-03-05,0.6875,positive
review-759,INS HOT Simple And Clean Canvas Crossbody Bag Casual Shoulder Bag Fashion Messenger Bag for Women 3,Colour: khaki Material Quality: maganda po Appearance: 👌🏻,2025-02-13,0.6923,positive
review-760,INS HOT Simple And Clean Canvas Crossbody Bag Casual Shoulder Bag Fashion Messenger Bag for Women 3,Appearance: Nice Colour: Brown akala ko maliit siya pero malaki siya onti so it's still good pa din hehe,2025-07-17,-0.2481,negative
review-761,INS HOT Simple And Clean Canvas Crossbody Bag Casual Shoulder Bag Fashion Messenger Bag for Women 3,Appearance: good Colour: khaki maganda at mukhang matibay,2026-03-21,0.697,positive
review-762,INS HOT Simple And Clean Canvas Crossbody Bag Casual Shoulder Bag Fashion Messenger Bag for Women 3,Material Quality: Good Colour: Good Appearance: Good Showed no issues after being used for a while. Have clean stitching on all areas. Good design to be used by men.,2025-07-28,0.645,positive
review-763,INS HOT Simple And Clean Canvas Crossbody Bag Casual Shoulder Bag Fashion Messenger Bag for Women 3,"Appearance: Yung appearance nya ok naman, pasok naman sakin, Colour: Maganda Hindi lang gaano kakapal pero goods na rin, maganda sya tsaka sulit yung binayad",2026-04-28,0.6859,positive
review-764,INS HOT Simple And Clean Canvas Crossbody Bag Casual Shoulder Bag Fashion Messenger Bag for Women 3,Material Quality: NICEE Appearance: WORTH IT Colour: NICEE very affordable bagg matibay at sobrang bilis dumating!! one day lang!!! so thank u po!,2025-06-21,0.7132,positive
review-765,INS HOT Simple And Clean Canvas Crossbody Bag Casual Shoulder Bag Fashion Messenger Bag for Women 3,Colour: true colors Material Quality: good Appearance: simple but elegant,2025-03-14,0.7101,positive
review-766,INS HOT Simple And Clean Canvas Crossbody Bag Casual Shoulder Bag Fashion Messenger Bag for Women 3,Appearance: black bag Material Quality: decent fabric Colour: black I like that it has a small compartment where I can put my wallet or valuables. It is actually quite big you can even put about 3 or 4 notebooks inside.,2025-12-24,-0.4231,negative
review-767,INS HOT Simple And Clean Canvas Crossbody Bag Casual Shoulder Bag Fashion Messenger Bag for Women 3,"The products are goods, the quality and everything. On time din sya dumating, so far the quality is good enough to the price. Diko lang napicturan kasi nasa dorm yung bag hehe",2025-12-17,0.3103,positive
review-768,INS HOT Simple And Clean Canvas Crossbody Bag Casual Shoulder Bag Fashion Messenger Bag for Women 3,Appearance: super cuteeee 10/10 Colour: 10/10 I didn't expect na maganda yung product. Akala ko kasi manipis lang yung tela niya pero hindi pala. Hindi ako nagsisi na ganito inorder ko for practice purposes. Order ako ulit pero color black na hehe.,2026-03-29,0.6075,positive
review-769,INS HOT Simple And Clean Canvas Crossbody Bag Casual Shoulder Bag Fashion Messenger Bag for Women 3,"Colour: same as advertised Material Quality: its okay naman, huwag lang mabigat ilagay. Affordable siya. What you see is what you get. The quality is okay for its price.😉 thank you so much po seller and kuya rider.",2025-02-28,0.4215,positive
review-770,INS HOT Simple And Clean Canvas Crossbody Bag Casual Shoulder Bag Fashion Messenger Bag for Women 3,Appearance: maganda malaki Colour: light khaki will order again soon,2026-03-04,0.7297,positive
review-771,INS HOT Simple And Clean Canvas Crossbody Bag Casual Shoulder Bag Fashion Messenger Bag for Women 3,"Appearance: ok Colour: ok Got my order today in good condition. The quality is ok, color is correct the only thing that disappoints me is its sling. I just hope it will like by the person I'll give it.",2026-02-10,-0.0909,negative
review-772,INS HOT Simple And Clean Canvas Crossbody Bag Casual Shoulder Bag Fashion Messenger Bag for Women 3,Ok naman tela hindi gaano manipis pero hindi din makapal pwede naman na sya since 67 ko lang nabili nag expect na kasya yung folder hindi pala HAHAHAHA,2025-12-07,0.3151,positive
review-773,INS HOT Simple And Clean Canvas Crossbody Bag Casual Shoulder Bag Fashion Messenger Bag for Women 3,"Appearance: 10/10 Material Quality: 10/10 Colour: Good Ang ganda ng bag, good for its prize. Salamat po",2025-03-20,0.6296,positive
review-774,INS HOT Simple And Clean Canvas Crossbody Bag Casual Shoulder Bag Fashion Messenger Bag for Women 3,Material Quality: k Colour: bk Appearance: n Thank you po. Ganda ng shades na to parang mamahalin ang classy makapal at mukaang matibay namna to ❤️ thank you sellerjd,2025-05-10,0.6266,positive
review-775,INS HOT Simple And Clean Canvas Crossbody Bag Casual Shoulder Bag Fashion Messenger Bag for Women 3,Appearance: 10/10 Colour: ganda ng pagkabrown nya Material Quality: 10/10 ganda ng quality ng bag,2025-04-27,0.6269,positive
review-776,INS HOT Simple And Clean Canvas Crossbody Bag Casual Shoulder Bag Fashion Messenger Bag for Women 3,"stylish, pwedeng unisex, mukhang matibay ang tahi. good size din marami mailalagay. good for its price",2025-03-07,0.5495,positive
review-777,INS HOT Simple And Clean Canvas Crossbody Bag Casual Shoulder Bag Fashion Messenger Bag for Women 3,Appearance: napaka ganda perfect pang alis Colour: white Material Quality: matibay sturdy sya Legit bilin nyo na to!,2025-04-08,0.7286,positive
review-778,INS HOT Simple And Clean Canvas Crossbody Bag Casual Shoulder Bag Fashion Messenger Bag for Women 3,Appearance: 10 Material Quality: 10 Colour: Black Nice Shoulder bag (Black) Unisex And Good Quality,2025-07-25,0.3182,positive
review-779,INS HOT Simple And Clean Canvas Crossbody Bag Casual Shoulder Bag Fashion Messenger Bag for Women 3,Appearance: sakto lang Colour: good Material Quality: sakto lang,2025-06-06,0.6629,positive
review-780,INS HOT Simple And Clean Canvas Crossbody Bag Casual Shoulder Bag Fashion Messenger Bag for Women 3,Arrived safely and has no damage Maganda sya dahil di super white may pagka cream I really like the color Good rin tela wag lang lalagyan ng mabibigat,2026-01-31,-0.2,negative
review-781,INS HOT Simple And Clean Canvas Crossbody Bag Casual Shoulder Bag Fashion Messenger Bag for Women 3,Colour: good Appearance: good Material Quality: good Salamat and the kids are going to be in the office today so I can do it for you and you can do it for me and I can do,2025-10-25,0.6721,positive
review-782,INS HOT Simple And Clean Canvas Crossbody Bag Casual Shoulder Bag Fashion Messenger Bag for Women 3,"Appearance: good Material Quality: good Colour: black [video and photo not related] Just received the order, no damage with the item at all, thank you! Might order again soon",2025-07-01,0.6947,positive
review-783,INS HOT Simple And Clean Canvas Crossbody Bag Casual Shoulder Bag Fashion Messenger Bag for Women 3,Appearance: maganda siya Colour: kung ano yung nakikita sa pic yun talaga ang na received ko kung gusto niyo ng gantong bag bili na kayo d kayo magsisisi maganda talaga siya☺️,2026-02-14,0.035,neutral
review-784,INS HOT Simple And Clean Canvas Crossbody Bag Casual Shoulder Bag Fashion Messenger Bag for Women 3,Appearance: good Colour: brown Material Quality: good yong bag quality naman siya kahit hindi xa pricey.,2025-03-08,-0.2308,negative
review-785,INS HOT Simple And Clean Canvas Crossbody Bag Casual Shoulder Bag Fashion Messenger Bag for Women 3,super nice ng quality and yung size niya is malaki talaga,2025-03-05,0.7416,positive
review-786,INS HOT Simple And Clean Canvas Crossbody Bag Casual Shoulder Bag Fashion Messenger Bag for Women 3,Colour: correct color Material Quality: good quality Appearance: very nice aesthetic lng,2025-03-07,0.6894,positive
review-787,INS HOT Simple And Clean Canvas Crossbody Bag Casual Shoulder Bag Fashion Messenger Bag for Women 3,Appearance: maganda Colour: brown Ang ganda ng bag tapus makapal kapal din.,2025-11-22,0.2754,positive
review-788,INS HOT Simple And Clean Canvas Crossbody Bag Casual Shoulder Bag Fashion Messenger Bag for Women 3,Colour: brown Appearance: SUPER GANDAAAA Material Quality: MAGANDAAAA SYA NOT SUPER KAPAL BUT SO GANDAAAA,2025-06-22,0.7467,positive
review-789,INS HOT Simple And Clean Canvas Crossbody Bag Casual Shoulder Bag Fashion Messenger Bag for Women 3,okay nmn item . Mabilis ang delivery mabait din kuya rider ☺️ sa uulitin po . Hiyang si baby ko kahit anong klase ng diper kaya sulitto photo is not related to the item conplete din bilang ng diaper sa iba kase 53 pcs pero kulang ng 2 minsan 50 lng huhu .,2025-05-22,0.4355,positive
review-790,INS HOT Simple And Clean Canvas Crossbody Bag Casual Shoulder Bag Fashion Messenger Bag for Women 3,Material Quality: ang ganda ng Quality Appearance: matibay Colour: brown Thank you sa mababang prize,2025-12-14,0.68,positive
review-791,INS HOT Simple And Clean Canvas Crossbody Bag Casual Shoulder Bag Fashion Messenger Bag for Women 3,Material Quality: GOOD Appearance: GOOD Colour: BROWN ganda pang porma ganda nang tela nya type kosya pag gagala ako ganda nya salamat seller and kuya rider.,2025-06-05,0.693,positive
review-792,INS HOT Simple And Clean Canvas Crossbody Bag Casual Shoulder Bag Fashion Messenger Bag for Women 3,"Item received is not the same to what’s advertised, much small than the bag on the promotional photos",2025-05-21,-0.5506,negative
review-793,INS HOT Simple And Clean Canvas Crossbody Bag Casual Shoulder Bag Fashion Messenger Bag for Women 3,hnd crossbody bag ang dumating. shoulder bag na maliit na pang babae po. hnd canvas na bag synthetic leather na shoulder bag na brown na maliit na panf babae. malaung malau sa pic.,2025-06-10,0.0,neutral
review-794,INS HOT Simple And Clean Canvas Crossbody Bag Casual Shoulder Bag Fashion Messenger Bag for Women 3,"Pangit sya, lang naman ng isang araw na pala yung mga taong mahal mo ba kayo quark ay jusko po bossing just don't know what to do",2025-04-01,-0.726,negative
review-795,INS HOT Simple And Clean Canvas Crossbody Bag Casual Shoulder Bag Fashion Messenger Bag for Women 3,"The zipper isn’t working, hayst. How can I be sure that my things inside my bag won’t go missing?",2025-11-21,-0.2593,negative
review-796,INS HOT Simple And Clean Canvas Crossbody Bag Casual Shoulder Bag Fashion Messenger Bag for Women 3,"Product: Item Not as Described, Counterfeit product The bag is not the same as in the picture and feedback, I was expecting more yet I was disappointed.",2026-09-09,-0.7159,negative
review-797,INS HOT Simple And Clean Canvas Crossbody Bag Casual Shoulder Bag Fashion Messenger Bag for Women 3,Material Quality: Good Product: Defective/Damaged Item Is this a joke or smth? Why is the button or wtv that is on the outside? I want a refund.,2025-04-13,-0.3805,negative
review-798,INS HOT Simple And Clean Canvas Crossbody Bag Casual Shoulder Bag Fashion Messenger Bag for Women 3,Product: Poor quality Ambaho ng bag parang sardinas na baho,2025-07-01,-0.7143,negative
review-799,INS HOT Simple And Clean Canvas Crossbody Bag Casual Shoulder Bag Fashion Messenger Bag for Women 3,Manipis di tulad ng sa picture,2025-11-26,-0.5,negative
review-800,INS HOT Simple And Clean Canvas Crossbody Bag Casual Shoulder Bag Fashion Messenger Bag for Women 3,Colour: black,2025-07-28,0.0,neutral
review-801,INS HOT Simple And Clean Canvas Crossbody Bag Casual Shoulder Bag Fashion Messenger Bag for Women 3,sira yung pang lock,2026-02-21,-0.7297,negative
review-802,INS HOT Simple And Clean Canvas Crossbody Bag Casual Shoulder Bag Fashion Messenger Bag for Women 3,SUPER TAGAL DOMATING,2025-12-08,0.3243,positive
review-803,INS HOT Simple And Clean Canvas Crossbody Bag Casual Shoulder Bag Fashion Messenger Bag for Women 3,"Ang ganda, kuhang kuha ang inis ko!",2025-12-04,-0.3103,negative
review-804,INS HOT Simple And Clean Canvas Crossbody Bag Casual Shoulder Bag Fashion Messenger Bag for Women 3,"I’m so disappointed, wrong item 🤦‍♀️",2026-05-03,-0.7183,negative
review-805,INS HOT Simple And Clean Canvas Crossbody Bag Casual Shoulder Bag Fashion Messenger Bag for Women 3,Did not receive item,2025-05-04,-0.6875,negative
review-806,INS HOT Simple And Clean Canvas Crossbody Bag Casual Shoulder Bag Fashion Messenger Bag for Women 3,"Pang elementary pupils na bag, maliit sa halaga Php 96 not sulit...maganda lang may inside pocket na may zipper, at yun bag may zipper din...Hindi pwede lagyan ng mabigat... try nyo din para Makita nyo mangyayari... received with thanks 👍",2026-09-22,-0.2,negative
review-807,INS HOT Simple And Clean Canvas Crossbody Bag Casual Shoulder Bag Fashion Messenger Bag for Women 3,Material Quality: good Colour: brown Appearance: good,2025-07-28,0.6774,positive
review-808,INS HOT Simple And Clean Canvas Crossbody Bag Casual Shoulder Bag Fashion Messenger Bag for Women 3,Material Quality: good Appearance: good Colour: good Sana tumagal☺️🫰,2025-11-22,0.5745,positive
review-809,INS HOT Simple And Clean Canvas Crossbody Bag Casual Shoulder Bag Fashion Messenger Bag for Women 3,Colour: kaki Material Quality: mukhang matibay Appearance: Ang ganda na gudtohan ko,2025-07-06,0.6203,positive
review-810,INS HOT Simple And Clean Canvas Crossbody Bag Casual Shoulder Bag Fashion Messenger Bag for Women 3,Material Quality: good Appearance: good Colour: dirty white good,2025-06-11,0.4872,positive
review-811,INS HOT Simple And Clean Canvas Crossbody Bag Casual Shoulder Bag Fashion Messenger Bag for Women 3,Appearance: Good Colour: Good Material Quality: Good Salamat po kay seller,2025-03-07,0.6296,positive
review-812,INS HOT Simple And Clean Canvas Crossbody Bag Casual Shoulder Bag Fashion Messenger Bag for Women 3,9/10 parang di kaya sa mga mabibigat pero maganda sya since mura lang naman kasi siya😊 so okayy syaa,2025-02-05,0.4123,positive
review-813,INS HOT Simple And Clean Canvas Crossbody Bag Casual Shoulder Bag Fashion Messenger Bag for Women 3,"I received the parcel in good condition, matigas lanf yung zipper sa loob na maliit, super hirap ayusin. but still the product is good. kaka-order ko lang din kahapon pero dumating agad ngayon. Thanks!",2025-02-20,0.7041,positive
review-814,INS HOT Simple And Clean Canvas Crossbody Bag Casual Shoulder Bag Fashion Messenger Bag for Women 3,Colour: maganda Material Quality: maganda Appearance: 100%,2025-12-31,0.7297,positive
review-815,INS HOT Simple And Clean Canvas Crossbody Bag Casual Shoulder Bag Fashion Messenger Bag for Women 3,Colour: Ok Material Quality: Maganda Appearance: Okay,2025-03-17,0.5238,positive
review-816,INS HOT Simple And Clean Canvas Crossbody Bag Casual Shoulder Bag Fashion Messenger Bag for Women 3,"may butas kagad, tsaka maraming loose na tahi, double layered naman so functional pa din",2026-02-17,0.0909,positive
review-817,INS HOT Simple And Clean Canvas Crossbody Bag Casual Shoulder Bag Fashion Messenger Bag for Women 3,Maayos naman pero may issue sa zipper di maayos pag kakalagay,2025-03-20,-0.3333,negative
review-818,INS HOT Simple And Clean Canvas Crossbody Bag Casual Shoulder Bag Fashion Messenger Bag for Women 3,maganda naman kaso midyu manipis yung tila pero maganda naman kaya thank you po seller at kay kuya rider na mabait 🥰,2026-02-19,0.6735,positive
review-819,INS HOT Simple And Clean Canvas Crossbody Bag Casual Shoulder Bag Fashion Messenger Bag for Women 3,Appearance: good Colour: khaki,2026-02-25,0.6774,positive
review-820,INS HOT Simple And Clean Canvas Crossbody Bag Casual Shoulder Bag Fashion Messenger Bag for Women 3,Colour: good Material Quality: good,2025-09-19,0.6774,positive
review-821,INS HOT Simple And Clean Canvas Crossbody Bag Casual Shoulder Bag Fashion Messenger Bag for Women 3,Colour: ok Appearance: ok Material Quality: flimsy and thin,2025-10-28,-0.4118,negative
review-822,INS HOT Simple And Clean Canvas Crossbody Bag Casual Shoulder Bag Fashion Messenger Bag for Women 3,Appearance: okay lng Material Quality: manipis Colour: white okay lng,2025-07-18,-0.1667,negative
review-823,INS HOT Simple And Clean Canvas Crossbody Bag Casual Shoulder Bag Fashion Messenger Bag for Women 3,Thanks to seller and driver 💞,2025-07-10,0.6429,positive
review-824,INS HOT Simple And Clean Canvas Crossbody Bag Casual Shoulder Bag Fashion Messenger Bag for Women 3,Appearance: good.. ang ganda ng tela malambot .. Colour: nice kaso walang free gift😅 akala ko kasi my free gift😆,2026-09-18,0.4737,positive
review-825,INS HOT Simple And Clean Canvas Crossbody Bag Casual Shoulder Bag Fashion Messenger Bag for Women 3,Okay naman yung items. Dumating on time. Walang damage. Tama yung kulay at size. Sana mag tagal. Thanks seller! Photo and video for coin purposes only,2025-03-16,-0.2958,negative
review-826,INS HOT Simple And Clean Canvas Crossbody Bag Casual Shoulder Bag Fashion Messenger Bag for Women 3,Medju manipis pero worth the price😊,2025-07-05,0.5804,positive
review-827,INS HOT Simple And Clean Canvas Crossbody Bag Casual Shoulder Bag Fashion Messenger Bag for Women 3,ok,2026-01-08,0.1667,positive
review-828,Korean Unisex 5Pairs/Pack Solid Color Socks Mid Cut Sock Baseball Foot Socks Iconic Socks,"Appearance: nice and new Colour: the same as the picture, white Material Quality: good quality The item was securely packed and complete. Very fast transaction",2022-09-06,0.5404,positive
review-829,Korean Unisex 5Pairs/Pack Solid Color Socks Mid Cut Sock Baseball Foot Socks Iconic Socks,Appearance: Good Colour: White Material Quality: Good Maganda naman ang medyas sa presyo nya.. Mura pero maganda naman ayos lang ang kapal.. Natanggap ko rin naman agad.. Thank you,2022-09-10,0.607,positive
review-830,Korean Unisex 5Pairs/Pack Solid Color Socks Mid Cut Sock Baseball Foot Socks Iconic Socks,Appearance: maganda at kompleto yung order Colour: good Material Quality: okay naman di masyado manipis Thank you seller kompleto order ko. Baka mag order ako ulit,2022-10-03,0.5192,positive
review-831,Korean Unisex 5Pairs/Pack Solid Color Socks Mid Cut Sock Baseball Foot Socks Iconic Socks,Appearance: I think what you see is what you get Colour: white Material Quality: Sakto lang siya para sakin kasi Di naman siya ganon kanipis Sakto lng tin yung haba nya,2022-09-16,0.0909,positive
review-832,Korean Unisex 5Pairs/Pack Solid Color Socks Mid Cut Sock Baseball Foot Socks Iconic Socks,Appearance: Okay Colour: White Material Quality: Good Thank you seller sa mabilisang pagship at mukha naman maganda ang medyas. Sana lang magtagal. Salamat din kay rider na mabait. Godbless po!,2022-12-08,0.5531,positive
review-833,Korean Unisex 5Pairs/Pack Solid Color Socks Mid Cut Sock Baseball Foot Socks Iconic Socks,Appearance: good Colour: good Material Quality: good Thanks po seller.saktong sakto lang Good good po Thanks shoppee Thanks kuya rider,2022-09-02,0.6578,positive
review-834,Korean Unisex 5Pairs/Pack Solid Color Socks Mid Cut Sock Baseball Foot Socks Iconic Socks,Appearance: super nice Colour: white Material Quality: soft cotton Im very happy with this purchase. I am size 35-36 and it really fits me. I think it can fit up to size 37 cause itll be super stretched and magmumuka nang manipis pag pinilit hehe. Anyways thanks seller!,2024-08-09,0.5338,positive
review-835,Korean Unisex 5Pairs/Pack Solid Color Socks Mid Cut Sock Baseball Foot Socks Iconic Socks,Appearance: 5/5 perfect 🌟 Colour: 5/5 perfect 🌟 Material Quality: 5/5 perfect quality perfect 👌 Delivery was fast and easy. Item looks expensive but affordable and easy to use. Soft. Fits well. Seller sent me the pictures first before sending it. I will definitely buy again.,2023-01-12,0.6916,positive
review-836,Korean Unisex 5Pairs/Pack Solid Color Socks Mid Cut Sock Baseball Foot Socks Iconic Socks,Ang Ganda ng socks nato perfect na pangpasok at ituwang sa school uniform.sulit ang bayad ko dito hehe..salamat shopee!,2022-05-12,0.6894,positive
review-837,Korean Unisex 5Pairs/Pack Solid Color Socks Mid Cut Sock Baseball Foot Socks Iconic Socks,"Appearance: maganda Colour: good Material Quality: good for its price kung need mo ng maayos na mejas at good for its price, go kana dito.. bumili ako pang regalo 😅",2022-07-04,0.6552,positive
review-838,Korean Unisex 5Pairs/Pack Solid Color Socks Mid Cut Sock Baseball Foot Socks Iconic Socks,"Appearance: 9 Colour: 10 Material Quality: 10 so ayun na nga medyo late na yung review ko at masasabi ko na ayus at maganda yung product , keep it up seller. thank you",2022-07-30,0.4475,positive
review-839,Korean Unisex 5Pairs/Pack Solid Color Socks Mid Cut Sock Baseball Foot Socks Iconic Socks,Appearance: Nice Colour: White Material Quality: Good ig So all the socks is nasa zip lock bag and okay naman although thin siya for me it'sall goods kasi sobrang sweaty ng paa ko and di naman siya pansin ang comfy din and affordable thank you ...,2022-07-02,0.5052,positive
review-840,Korean Unisex 5Pairs/Pack Solid Color Socks Mid Cut Sock Baseball Foot Socks Iconic Socks,"Appearance: good Colour: white Material Quality: okay Know that you are powerful beyond your recognition. Your thoughts become reality. Be positive! Forgiveness leads to love. Life is short, don't sweat the small stuff. Love yourself unconditionally. Every day is a new day. ... The darkest moments in life only make us stronger. Believe in miracles.",2024-09-23,0.4495,positive
review-841,Korean Unisex 5Pairs/Pack Solid Color Socks Mid Cut Sock Baseball Foot Socks Iconic Socks,"Appearance: Very cute and nice Colour: White Material Quality: A little thin but overall good I like it, just what I was looking for for socks. Just the right length!",2023-08-16,0.6667,positive
review-842,Korean Unisex 5Pairs/Pack Solid Color Socks Mid Cut Sock Baseball Foot Socks Iconic Socks,"Colour: average Material Quality: sulit na sulit Ang ibinabayad ... mixed polyester and cotton Appearance: good 👍 Thank you so much Seller,♥️ Thank you so much Courier ♥️ Thank you so much Rider ♥️ Items well pack and secured👍",2023-09-14,0.6875,positive
review-843,Korean Unisex 5Pairs/Pack Solid Color Socks Mid Cut Sock Baseball Foot Socks Iconic Socks,Colour: Black Appearance: Good Material Quality: Thin Manipis siya. Maiksi din. Kala ko hanggang gitna ng binti. Pero hindi rin sobrang ikli. Feel ko madali lang masira kapag laging nasuot. Maganda naman packaging nila and service. Goods,2023-10-01,0.0955,positive
review-844,Korean Unisex 5Pairs/Pack Solid Color Socks Mid Cut Sock Baseball Foot Socks Iconic Socks,"Appearance: cute Colour: cute Material Quality: good Very cute, i also ordered earphones and it is in good quality so i rate it 10",2022-09-13,0.6104,positive
review-845,Korean Unisex 5Pairs/Pack Solid Color Socks Mid Cut Sock Baseball Foot Socks Iconic Socks,"Colour: Same as endorsed. 10/10 Appearance: Acceptable for the price. 9/10 Material Quality: May be improved but considering its price, it is okay naman na. 8/10 Maganda packaging naka-zip lock haha. Nice naman at mabilis nai-ship. I didn't expect much pero oks naman, I was not disappointed by the quality.",2023-05-07,0.6562,positive
review-846,Korean Unisex 5Pairs/Pack Solid Color Socks Mid Cut Sock Baseball Foot Socks Iconic Socks,Received items in good condition and complete five pairs. Shipping and delivery is fast. Very comfy in feet and fits me very well. Hope it last long tho. Will definitelt order again next time 👊👍,2022-11-29,0.5858,positive
review-847,Korean Unisex 5Pairs/Pack Solid Color Socks Mid Cut Sock Baseball Foot Socks Iconic Socks,Colour: black Material Quality: excellent Appearance: comfy cotton thank you! ok naman complete lahat at kahit maliit man siya tignan ay stretchable kaya kasya talaga,2023-10-06,0.5062,positive
review-848,Korean Unisex 5Pairs/Pack Solid Color Socks Mid Cut Sock Baseball Foot Socks Iconic Socks,Material Quality: not think not thin either. Colour: white Appearance: very comfy and stretchable.,2023-09-18,0.6053,positive
review-849,Korean Unisex 5Pairs/Pack Solid Color Socks Mid Cut Sock Baseball Foot Socks Iconic Socks,"Appearance: very satisfied Material Quality: very good Colour: very good Napakaga ganda, at tamang tama inorder Ko para sa anak ko 💕 Mabilis din deliver .. Order aku ulit",2023-09-19,0.6714,positive
review-850,Korean Unisex 5Pairs/Pack Solid Color Socks Mid Cut Sock Baseball Foot Socks Iconic Socks,Appearance: Brand New Colour: Black & White Material Quality: Thick It was immediately shipped and was delivered today. Geez! I thought it'll be delivered by June. I'm glad I chose to buy from this seller. Cheers to more transactions in the future!,2022-05-28,-0.5041,negative
review-851,Korean Unisex 5Pairs/Pack Solid Color Socks Mid Cut Sock Baseball Foot Socks Iconic Socks,"Good and fast delivery, kudos kay seller kasi 66pesos ko lang na kuha to at 5 pairs na thank you po. Nag bigay din ako ng tip na maliit lang kay rider kasi mabilis delivery niya hehe 🚚😘",2025-07-10,0.5853,positive
review-852,Korean Unisex 5Pairs/Pack Solid Color Socks Mid Cut Sock Baseball Foot Socks Iconic Socks,Orders complete and correct variation as always. Ang ganda ng socks masarap suutin very affordable price pa. 5pairs na sya. Super sulit. Will definitely order again. Love ko talaga tong shop na to.,2022-01-12,0.6599,positive
review-853,Korean Unisex 5Pairs/Pack Solid Color Socks Mid Cut Sock Baseball Foot Socks Iconic Socks,"Items arrived complete, correct, has no damages and in good condition. Quality is ok for its price. Satisfied with my purchase. Thank you! Items arrived complete, correct, has no damages and in good condition. Quality is ok for its price. Satisfied with my purchase. Thank you!",2022-02-08,0.589,positive
review-854,Korean Unisex 5Pairs/Pack Solid Color Socks Mid Cut Sock Baseball Foot Socks Iconic Socks,Appearance: nice Colour: nice Material Quality: nice I received the item immediately. This is my third purchase with this store. I will surely buy some more because of their excellent service.,2022-08-10,0.5139,positive
review-855,Korean Unisex 5Pairs/Pack Solid Color Socks Mid Cut Sock Baseball Foot Socks Iconic Socks,"Appearance: thin Colour: white Material Quality: 8/10 palibhasa kasi, alam na alam mo kung pano ako kunin eh. isang ngiti, isang kanta, isang yakap, isang picture, isang heart.. wala, umiikot na uli yung mundo ko. ang talino kong tao, pero pag dating sayo ewan ko natatanga ako",2024-02-04,-0.3443,negative
review-856,Korean Unisex 5Pairs/Pack Solid Color Socks Mid Cut Sock Baseball Foot Socks Iconic Socks,Appearance: good Material Quality: good Colour: good Perfect for school socks thumbs up for the seller and for the delivery rider thanks!!¡¡!!!!!!!!!!!!!!!!!!!!!!!!,2024-01-07,0.7207,positive
review-857,Korean Unisex 5Pairs/Pack Solid Color Socks Mid Cut Sock Baseball Foot Socks Iconic Socks,Appearance: The socks look cute and match what I expected. Colour: Colours are true to the pictures and nice. Share more thoughts on the product to help other buyers.,2026-08-08,0.5775,positive
review-858,Korean Unisex 5Pairs/Pack Solid Color Socks Mid Cut Sock Baseball Foot Socks Iconic Socks,Appearance: good Colour: white Material Quality: good For honors assembly ng anak ko maganda yung medyas saka sakto ang haba for midsocks length sulit 5pairs nakasi,2022-07-05,0.6591,positive
review-859,Korean Unisex 5Pairs/Pack Solid Color Socks Mid Cut Sock Baseball Foot Socks Iconic Socks,"Colour: white and black Material Quality: soft Appearance: good Very legit, di kayu magsisi. Makapal din po ang tela. Nice product order ako ulit didto. Thank you seller",2025-07-21,0.6774,positive
review-860,Korean Unisex 5Pairs/Pack Solid Color Socks Mid Cut Sock Baseball Foot Socks Iconic Socks,Colour: white Material Quality: 10/10 Appearance: 10/10 Super pretty!! Bibili ako ulit pero this time color black na.,2023-10-12,0.696,positive
review-861,Korean Unisex 5Pairs/Pack Solid Color Socks Mid Cut Sock Baseball Foot Socks Iconic Socks,Material Quality: Good Colour: Clean Appearance: Great Salamat sa oafreebies ang dami nito seller is responsive galing niyo po saya ng anak ko pamilya asawa biyanan magulang,2024-11-14,0.6694,positive
review-862,Korean Unisex 5Pairs/Pack Solid Color Socks Mid Cut Sock Baseball Foot Socks Iconic Socks,"Material Quality: Good Appearance: Good Colour: Good item arrived not so delayed, but fully understand since it was the holidays season and given that it is a bad weather.",2023-01-14,0.4851,positive
review-863,Korean Unisex 5Pairs/Pack Solid Color Socks Mid Cut Sock Baseball Foot Socks Iconic Socks,Colour: black Appearance: super black Material Quality: pwede na rin Complete items received. Second time to order from this store. Hindi pumapalya si seller. Salamat po,2023-05-07,0.4624,positive
review-864,Korean Unisex 5Pairs/Pack Solid Color Socks Mid Cut Sock Baseball Foot Socks Iconic Socks,"Material Quality: Mukha namang matibay , Sana magtagal Colour: very good. Appearance: the socks are of excellent quality. Thank You seller",2025-12-19,0.589,positive
review-865,Korean Unisex 5Pairs/Pack Solid Color Socks Mid Cut Sock Baseball Foot Socks Iconic Socks,"I recently purchased an item and wanted to share a good quality review about it. The product exceeded my expectations in several aspects. Its build quality is excellent, showcasing durable materials and meticulous craftsmanship. The item's functionality is top-notch, providing seamless performance and fulfilling its intended purpose effectively. Furthermore, the product's design is aesthetically pleasing, with attention to detail that adds a touch of elegance. I appreciate the thoughtful features incorporated into the item, enhancing its convenience and usability. Overall, I am highly satisfied with my purchase and would highly recommend this product to others seeking a reliable and well-designed item.",2023-07-27,0.58,positive
review-866,Korean Unisex 5Pairs/Pack Solid Color Socks Mid Cut Sock Baseball Foot Socks Iconic Socks,Appearance: good Material Quality: good Colour: white It has good material and size it fits right for my grandchild. To thanks very much,2023-09-03,0.6667,positive
review-867,Korean Unisex 5Pairs/Pack Solid Color Socks Mid Cut Sock Baseball Foot Socks Iconic Socks,Colour: white Appearance: maayus Naman Material Quality: cotton Cheap socks you can use everyday. Medyo manipis lang pero sakto sa price niya. Kala ko maliit pero na stretch namn siya.,2025-11-06,0.0099,neutral
review-868,Korean Unisex 5Pairs/Pack Solid Color Socks Mid Cut Sock Baseball Foot Socks Iconic Socks,Just as I expected. Saktong sakto ang length for my korean look. Love it. And as u can see manipis sia sa feet part pero okay sia sa ankle and up part,2023-12-23,-0.2899,negative
review-869,Korean Unisex 5Pairs/Pack Solid Color Socks Mid Cut Sock Baseball Foot Socks Iconic Socks,Packaged properly and delivered within 3 days. Soft and durable. Affordable too. Just thin but justified by price. I’m a size 6 and it’s just right .Thank you very much!,2022-09-21,0.4366,positive
review-870,Korean Unisex 5Pairs/Pack Solid Color Socks Mid Cut Sock Baseball Foot Socks Iconic Socks,"Material Quality: 10 Colour: Black Appearance: 10 Photo and vid may not be related. Thank you so much seller for these items, it's very useful. I will surely order again.",2023-05-04,0.7368,positive
review-871,Korean Unisex 5Pairs/Pack Solid Color Socks Mid Cut Sock Baseball Foot Socks Iconic Socks,"Colour: 10/10 Material Quality: 10/10 Appearance: 10/10 It is a very nice product. I will definitely and certainly buy again! The product has a very unique and good appearance, and the material quality of the product is great. The durability of the product is strong enough to support your feet. Also, about the colour, the colour I ordered is white and it's just right. Exactly what I'm looking for. Thank you for the product I ordered, I'm very impressed! In addition, the seller service and the delivery service are amazing. Again, thank you.",2023-08-17,0.7046,positive
review-872,Korean Unisex 5Pairs/Pack Solid Color Socks Mid Cut Sock Baseball Foot Socks Iconic Socks,Appearance: 👍👍👍👍 👍 👍 👍 Colour: White Material Quality: 👍👍👍 👍 👍 👍 dont have pics n video but the socks were vv soft!! will use it sa f2f thank you so muchhhhhhh!!!!!!!,2022-08-13,0.7018,positive
review-873,Korean Unisex 5Pairs/Pack Solid Color Socks Mid Cut Sock Baseball Foot Socks Iconic Socks,Appearance: received in good condition Colour: black Material Quality: cotton Super sulit to guys you will get 5 pairs of sock for a cheap price🥰 nice quality as well not so thin and not so thick… i will surely order again🤎🤎🤎,2022-12-09,0.6838,positive
review-874,Korean Unisex 5Pairs/Pack Solid Color Socks Mid Cut Sock Baseball Foot Socks Iconic Socks,"Colour: white Appearance: di halatang cheap price lang Material Quality: makapal 5pcs ang nadeliver na socks! Natry ko na sya and tama lang yung lenght nya, makapal din mukang di naman luluwag after ilanh wash. Will order black naman kasi good quality sya.",2024-09-21,0.6324,positive
review-875,Korean Unisex 5Pairs/Pack Solid Color Socks Mid Cut Sock Baseball Foot Socks Iconic Socks,Appearance: nice Colour: black Material Quality: not too thick. stretchable and comfy all orders are complete 👍 5 pairs in all. The socks are just the right sizes i was looking for,2022-12-05,0.5062,positive
review-876,Korean Unisex 5Pairs/Pack Solid Color Socks Mid Cut Sock Baseball Foot Socks Iconic Socks,Appearance: 0 Material Quality: 0 Nakikipaglokohan ba ako sayo hahahahahahhah,2022-09-09,-0.6667,negative
review-877,Korean Unisex 5Pairs/Pack Solid Color Socks Mid Cut Sock Baseball Foot Socks Iconic Socks,"Appearance: di ganun ka nipis Colour: black Material Quality: magaan sakto lng Everyday use palit2 kasi for 5 days na yun, madali lng matuyo handwash lng para d ma sira yung tela",2024-09-20,0.2453,positive
review-878,Korean Unisex 5Pairs/Pack Solid Color Socks Mid Cut Sock Baseball Foot Socks Iconic Socks,"Ganda ng quality niya, tsaka mabilis dumating yung products🤩😍. Thank you seller🤗",2022-02-17,0.7041,positive
review-879,Korean Unisex 5Pairs/Pack Solid Color Socks Mid Cut Sock Baseball Foot Socks Iconic Socks,"Appearance: its beyond my expectation Colour: so white Material Quality: cotton Thank you☺ complete, correct and nice packaging. All good, this shop is well recommended. I will surely buy again from this shop. Legit! Very Satisfied💯",2023-02-03,0.5668,positive
review-880,Korean Unisex 5Pairs/Pack Solid Color Socks Mid Cut Sock Baseball Foot Socks Iconic Socks,"Material Quality: VERYGOOD Appearance: Hindi makapal, hindi rin masyadong manipis Colour: Black n White Natuwa ako kasi may lalagyan pa talaga. Napaka mura neto sa 158 mo may 10 pairs kana!",2023-08-06,0.3169,positive
review-881,Korean Unisex 5Pairs/Pack Solid Color Socks Mid Cut Sock Baseball Foot Socks Iconic Socks,Natatawa po ako sa dumating na parcrll grbe tlgang ibang iba sa pix nyo sobra budol tlga to if i were u d n me bibli sa shop na to kung pwede mga lang zero zero bibgay ko,2021-12-24,-0.6409,negative
review-882,Korean Unisex 5Pairs/Pack Solid Color Socks Mid Cut Sock Baseball Foot Socks Iconic Socks,"Colour: ang pangit di nasunod ang kulay kong gusto very frustrating. Material Quality: low Appearance: negative ang medyas low quality ok lang sana kahit ganun pero sana man lang all black po kasi un po ang gusto ko,tapos ung mga mask na gusto ko kulay ginawang pink..paladesisyon naman kayo halos lalaki po ang gumagamit po nyan mga anak at husband ko po tapos pink pati ung kids mask..sorry po pero para sa akin kinulang lang po.talaga.",2023-06-05,-0.2233,negative
review-883,Korean Unisex 5Pairs/Pack Solid Color Socks Mid Cut Sock Baseball Foot Socks Iconic Socks,"Appearance: Not what I expected! Parang ewan yung design huhu Colour: White naman siya Material Quality: Akala ko normal na socks lang as in plain, tas may design pala ngi Mahal pa naman sayang pera",2022-06-09,-0.6154,negative
review-884,Korean Unisex 5Pairs/Pack Solid Color Socks Mid Cut Sock Baseball Foot Socks Iconic Socks,Appearance: NOT TRUE Colour: WHITE Material Quality: NOT TRUE WTF IS THIS? I ORDERED PLAIN WHITE SOCKS AND THIS IS WHAT I GET. PLEASE BE COMPETENT ENOUGH NEXT TIME OR AT LEAST TELL ME MY PRODUCT IS NOT IN STOCK INSTEAD OF OUTRIGHT SCAMMING ME.,2023-03-10,0.3407,positive
review-885,Korean Unisex 5Pairs/Pack Solid Color Socks Mid Cut Sock Baseball Foot Socks Iconic Socks,"ang pangit po nung medyas., nd po ito ung nasa picture😭😭😭 sana po mapalitan... kahit gawing pamunas ay nd po aari ih...😭😭😭 carizlagroza",2022-01-31,-0.6396,negative
review-886,Korean Unisex 5Pairs/Pack Solid Color Socks Mid Cut Sock Baseball Foot Socks Iconic Socks,"sana po sa susunod ayusin niyo po yung services niyo then i triple ✅ niyo yung mga item na dapat ipadala niyo para hindi mag complain yung buyer, kasi nagbabayad po kami ng exact amount with shipping fee pa! Ayusin niyo po!! Para walang madismaya! Sayang yung binabayad!!!😡",2022-04-29,-0.5122,negative
review-887,Korean Unisex 5Pairs/Pack Solid Color Socks Mid Cut Sock Baseball Foot Socks Iconic Socks,"Kulang ang item na pinadala,ayaw mg reply ni seller,bogus ung mga tinda dito, .not recommended,..BEWARE,kung anu pa ung pinaka mahal na binili un pa ang wala,..hnd din pinipicturan ung mga item,made to order ung mga shirt,cap,short kaya di pantay pantay sobra sa tahi,",2022-03-03,-0.5833,negative
review-888,Korean Unisex 5Pairs/Pack Solid Color Socks Mid Cut Sock Baseball Foot Socks Iconic Socks,INCOMPLETE! FAILED YUNG UNANG SHIPOUT SO PINAPA CANCEL KO TAS AYAW NILA THEN NUNG DINELIVER INCOMPLETE YUNG UMORDER AKO NG ASSORTED SOCKS NA 9 PAIRS IISA LANG DESIGN PARANG YUNG NATIRA NALANG WALA PANG PARANG YUNG TAG TULAD NUNG DATING SOCKS DI NAGREREPLY SELLER,2021-12-27,-0.5413,negative
review-889,Korean Unisex 5Pairs/Pack Solid Color Socks Mid Cut Sock Baseball Foot Socks Iconic Socks,Hindi nagrerespond si seller. Hindi katulad ng nasa picture ang item. Nakakadisappoint. Pangtrabaho ko sana yung medyas pero pinadala pang ballroom.,2022-03-24,0.1667,positive
review-890,Korean Unisex 5Pairs/Pack Solid Color Socks Mid Cut Sock Baseball Foot Socks Iconic Socks,wrong item sayang lang boy pa naman ang magu-use ng product although sabi ni seller i-refund daw hassle naman yun kaya nga bumili sa online para hindi hassle different price pa yung product,2023-10-18,-0.2126,negative
review-891,Korean Unisex 5Pairs/Pack Solid Color Socks Mid Cut Sock Baseball Foot Socks Iconic Socks,Colour: i ordered white 😭 but black socks came DONT ORDER IN THIS SHOP! PLS SAVE URSELF! RUUUUUUUN 😭,2023-06-16,0.2233,positive
review-892,Korean Unisex 5Pairs/Pack Solid Color Socks Mid Cut Sock Baseball Foot Socks Iconic Socks,Appearance: Parang stockings Wrong item binigay. Sino ba mageeffort mag return ng item para sa 5pairs na medyas? Sayang lang. Sana lang i-double check ni seller bago ipack. Buti sana kung madaling magreturn and refund. Katagal na nga iship wrong item pa. Hays,2023-08-30,-0.5726,negative
review-893,Korean Unisex 5Pairs/Pack Solid Color Socks Mid Cut Sock Baseball Foot Socks Iconic Socks,Appearance: not The one that i want. Colour: white. Material Quality: .,2023-02-24,0.0,neutral
review-894,Korean Unisex 5Pairs/Pack Solid Color Socks Mid Cut Sock Baseball Foot Socks Iconic Socks,They gave me the wrong socks I ordered 15 pairs and they gave me the kids type of socks😠😠 how am I supposed to wear this at school😠😠😠,2022-10-02,-0.6567,negative
review-895,Korean Unisex 5Pairs/Pack Solid Color Socks Mid Cut Sock Baseball Foot Socks Iconic Socks,Appearance: iba sa picture.. hindi plain.. di ko magamit 🙄 Material Quality: manipis,2023-03-10,-0.5238,negative
review-896,Korean Unisex 5Pairs/Pack Solid Color Socks Mid Cut Sock Baseball Foot Socks Iconic Socks,You have any shampoo Vive la France for the secret of success of our games to play a game na Na 😂 and what you ugly order,2022-01-10,-0.4231,negative
review-897,Korean Unisex 5Pairs/Pack Solid Color Socks Mid Cut Sock Baseball Foot Socks Iconic Socks,"First, I ordered 3 products but only received 2. I ordered again but was disappointed because instead of receiving plain white socks, I received white printed socks, which I can't use because I'm a medical student and needed only plain white socks.",2023-03-23,-0.633,negative
review-898,Korean Unisex 5Pairs/Pack Solid Color Socks Mid Cut Sock Baseball Foot Socks Iconic Socks,maganda naman kaso ibang kulay nung damit kaya nadamay,2023-08-23,0.726,positive
review-899,Korean Unisex 5Pairs/Pack Solid Color Socks Mid Cut Sock Baseball Foot Socks Iconic Socks,"Colour: white Material Quality: barely passable. very minimum. obviously chinese Appearance: like any other Chinese product This isn't Korean. Literally anything in shopee with a ""Korean"" in its name is not made from Korea. Stop tarnishing genuinely good products from Korea. Stop getting fooled by this marketing gimmick. It's overused and annoying. Just say what really is the product and where is it really made. People are not stupid.",2025-09-22,-0.0566,negative
review-900,Korean Unisex 5Pairs/Pack Solid Color Socks Mid Cut Sock Baseball Foot Socks Iconic Socks,Hindi complete items na nareceive ko. Nawawala Po Yung 5 pairs of socks.,2023-03-20,0.4231,positive
review-901,Korean Unisex 5Pairs/Pack Solid Color Socks Mid Cut Sock Baseball Foot Socks Iconic Socks,instead na white black po m pls nmn po kung pwedi e return kase sa work po gamitin,2023-06-01,0.0,neutral
review-902,Korean Unisex 5Pairs/Pack Solid Color Socks Mid Cut Sock Baseball Foot Socks Iconic Socks,"DONT TRUST THIS SELLER Sent with missing and wrong items, delivery was delayed.",2022-08-31,-0.5181,negative
review-903,Korean Unisex 5Pairs/Pack Solid Color Socks Mid Cut Sock Baseball Foot Socks Iconic Socks,Wlang kwenta..sna ma gabaan ka..wla kang kweta seller...,2022-01-12,-0.6923,negative
review-904,Korean Unisex 5Pairs/Pack Solid Color Socks Mid Cut Sock Baseball Foot Socks Iconic Socks,I ordered 5 pairs white socks but the seller gave me only2 pairs.,2024-04-09,0.0,neutral
review-905,Korean Unisex 5Pairs/Pack Solid Color Socks Mid Cut Sock Baseball Foot Socks Iconic Socks,"Ordered white, black pinadala",2023-01-11,0.0,neutral
review-906,Korean Unisex 5Pairs/Pack Solid Color Socks Mid Cut Sock Baseball Foot Socks Iconic Socks,5 pairs daw pero apat lang dumating🙄,2024-05-08,-0.6667,negative
review-907,Korean Unisex 5Pairs/Pack Solid Color Socks Mid Cut Sock Baseball Foot Socks Iconic Socks,Kulang ng 2 pairs,2024-09-05,-0.6429,negative
review-908,Korean Unisex 5Pairs/Pack Solid Color Socks Mid Cut Sock Baseball Foot Socks Iconic Socks,Colour: supposedly black wrong item received,2023-10-01,-0.6774,negative
review-909,Korean Unisex 5Pairs/Pack Solid Color Socks Mid Cut Sock Baseball Foot Socks Iconic Socks,Appearance: manipis ralphangelojose,2025-12-07,-0.5238,negative
review-910,Korean Unisex 5Pairs/Pack Solid Color Socks Mid Cut Sock Baseball Foot Socks Iconic Socks,NOT MID CUT,2026-06-09,-0.697,negative
review-911,Korean Unisex 5Pairs/Pack Solid Color Socks Mid Cut Sock Baseball Foot Socks Iconic Socks,Mali ang nakuha ko haysss .,2023-05-19,-0.4737,negative
review-912,Korean Unisex 5Pairs/Pack Solid Color Socks Mid Cut Sock Baseball Foot Socks Iconic Socks,KUPAL,2023-09-01,-0.697,negative
review-913,Korean Unisex 5Pairs/Pack Solid Color Socks Mid Cut Sock Baseball Foot Socks Iconic Socks,Di po maganda.,2023-07-07,-0.7222,negative
review-914,Korean Unisex 5Pairs/Pack Solid Color Socks Mid Cut Sock Baseball Foot Socks Iconic Socks,Kulang HAHAHA bwiset,2025-11-12,-0.6875,negative
review-915,Korean Unisex 5Pairs/Pack Solid Color Socks Mid Cut Sock Baseball Foot Socks Iconic Socks,Product: Poor quality Manipis,2025-09-12,-0.6364,negative
review-916,Korean Unisex 5Pairs/Pack Solid Color Socks Mid Cut Sock Baseball Foot Socks Iconic Socks,Wrong item. 😔 Pang batang socks to eh.,2022-02-22,-0.6721,negative
review-917,Korean Unisex 5Pairs/Pack Solid Color Socks Mid Cut Sock Baseball Foot Socks Iconic Socks,Misleading. Too small. Manipis.,2025-06-01,-0.5,negative
review-918,Korean Unisex 5Pairs/Pack Solid Color Socks Mid Cut Sock Baseball Foot Socks Iconic Socks,Missing item,2024-05-09,-0.6552,negative
review-919,Korean Unisex 5Pairs/Pack Solid Color Socks Mid Cut Sock Baseball Foot Socks Iconic Socks,Colour: Black Material Quality: Cotton It's fine nmn the quality is good,2023-09-12,0.6774,positive
review-920,Korean Unisex 5Pairs/Pack Solid Color Socks Mid Cut Sock Baseball Foot Socks Iconic Socks,Appearance: not satisfied at all Colour: yes its color black Material Quality: goods lang I ordered black unisex socks but yung dumating is not unisex its not the one i ordered pambabae sya kahit sang angle mo tingnan hindi ko talaga sya magagamit so please next time be true to your own products ty.,2023-01-22,0.5602,positive
review-921,Korean Unisex 5Pairs/Pack Solid Color Socks Mid Cut Sock Baseball Foot Socks Iconic Socks,Appearance: good Colour: good Material Quality: good maganda siya,2024-03-28,0.5536,positive
review-922,Korean Unisex 5Pairs/Pack Solid Color Socks Mid Cut Sock Baseball Foot Socks Iconic Socks,Gustong gusto ko ang mga items na dumating. Good quality lahat. Worth it ang price. Order ulit ako sa shop na ito. Recommended 🥰,2022-10-11,0.6667,positive
review-923,Korean Unisex 5Pairs/Pack Solid Color Socks Mid Cut Sock Baseball Foot Socks Iconic Socks,Colour: white Material Quality: ok Appearance: ok actually okay naman siya sa una pero habang tumagal lumuwag yung sa banda taas or part ng medias mabilis naman dumating kung gusto niyo edi bumili rin kayo,2023-10-06,0.3455,positive
review-924,Korean Unisex 5Pairs/Pack Solid Color Socks Mid Cut Sock Baseball Foot Socks Iconic Socks,Black ang ipinadala imbis na white. Still thank you kasi magagamit pa rin naman pero sayang lang di nasunod ang gustong color,2023-06-06,-0.3939,negative
review-925,Korean Unisex 5Pairs/Pack Solid Color Socks Mid Cut Sock Baseball Foot Socks Iconic Socks,"Shirts, masks & socks are pretty ok. Serves its purpose, esp for the cheap price. Pretty bummed the seller does not counter check the orders kasi ang super needed na linagyan ko pa ng note dito, that I ordered, di nila pinadala. Useless maglagay ng note. Items are just directly stuffed sa parcel.",2022-09-12,0.3506,positive
review-926,Korean Unisex 5Pairs/Pack Solid Color Socks Mid Cut Sock Baseball Foot Socks Iconic Socks,"Appearance: 5 pairs of or pack of solid colors socks Material Quality: not so kapal but okay na din maganda naman yung medyas gusto ko, sakto yung quantities",2023-03-07,0.6269,positive
review-927,Korean Unisex 5Pairs/Pack Solid Color Socks Mid Cut Sock Baseball Foot Socks Iconic Socks,Colour: white Material Quality: medyo manipis Appearance: nice naman Vid & photo not related Goods naman manipiss lang yung tela nya pero all goods nato since mura lang,2022-07-22,0.3143,positive
review-928,Korean Unisex 5Pairs/Pack Solid Color Socks Mid Cut Sock Baseball Foot Socks Iconic Socks,"Super disappointed na talaga Ako SA shop nato, may kulang na Naman order ko nakaraan 2 items Wala,now Ganon din 2 Ang Wala, kung ganyan kayo Lage Wala kayong magiging costumer talaga 😠😠😠",2022-03-05,-0.5918,negative
review-929,Korean Unisex 5Pairs/Pack Solid Color Socks Mid Cut Sock Baseball Foot Socks Iconic Socks,I order white socks and black socks ung dumating and i really need the white socks un lang dapat po chineck muna ung item bago i ship para iwas bawas rating 😊,2022-04-28,0.25,positive
review-930,Korean Unisex 5Pairs/Pack Solid Color Socks Mid Cut Sock Baseball Foot Socks Iconic Socks,Appearance: mataas Colour: black Material Quality: manipis pero okay lang,2022-11-11,-0.2857,negative
review-931,Korean Unisex 5Pairs/Pack Solid Color Socks Mid Cut Sock Baseball Foot Socks Iconic Socks,Appearance: di parehas Colour: good Material Quality: good maiksi yung isa tapos yung isa mahaba,2022-12-02,0.6774,positive
review-932,Korean Unisex 5Pairs/Pack Solid Color Socks Mid Cut Sock Baseball Foot Socks Iconic Socks,Appearance: nice Colour: not too white Material Quality: thin Hope it will last.. with this quality🥴,2022-11-13,0.2453,positive
review-933,Korean Unisex 5Pairs/Pack Solid Color Socks Mid Cut Sock Baseball Foot Socks Iconic Socks,bakit may curly na lace yung design kala ko ba unisex bat pang babae yung design,2023-03-18,-0.6154,negative
review-934,Korean Unisex 5Pairs/Pack Solid Color Socks Mid Cut Sock Baseball Foot Socks Iconic Socks,Mali dumating sakin hindi yung long socks short lang.,2023-09-25,-0.6667,negative
review-935,Korean Unisex 5Pairs/Pack Solid Color Socks Mid Cut Sock Baseball Foot Socks Iconic Socks,"Colour: puti na may ligaw na itim na stitching Material Quality: fanget sorry tru lng Appearance: cheap-looking pero oks lng mura lng nmn tlga sha yung part ng ankle pataas makapal kapal naman pero yung sa mismong paa sobrang nipis kita niyo naman sa pic see through na sha halos haha nadaling mabutas kung isasalang sa matinding lakaran pero kung ang concern mo lang naman ay mid-length socks at covered naman ng sapatos yung sa paa oks n rin,,, anyway 79 lang naman so gets",2024-02-29,0.0643,positive
review-936,Korean Unisex 5Pairs/Pack Solid Color Socks Mid Cut Sock Baseball Foot Socks Iconic Socks,"Appearance: maganda naman Material Quality: manipis Colour: white still good for its price 💯 kase 5 pairs na. if mura ang hanap mo, tamang tama to sayo 🤗 worth it pa rin naman",2024-01-20,0.5699,positive
review-937,Korean Unisex 5Pairs/Pack Solid Color Socks Mid Cut Sock Baseball Foot Socks Iconic Socks,manipis,2026-02-23,-0.5,negative
review-938,Korean Unisex 5Pairs/Pack Solid Color Socks Mid Cut Sock Baseball Foot Socks Iconic Socks,Material Quality: sobrang nipis,2022-09-05,-0.5652,negative
review-939,Korean Unisex 5Pairs/Pack Solid Color Socks Mid Cut Sock Baseball Foot Socks Iconic Socks,Material Quality: manipis,2022-05-27,-0.5238,negative
review-940,Korean Unisex 5Pairs/Pack Solid Color Socks Mid Cut Sock Baseball Foot Socks Iconic Socks,Parang pambabae yung socks ang pangit,2022-12-28,-0.7368,negative
review-941,Korean Unisex 5Pairs/Pack Solid Color Socks Mid Cut Sock Baseball Foot Socks Iconic Socks,Colour: white Material Quality: manipis,2022-09-24,-0.5238,negative
review-942,Korean Unisex 5Pairs/Pack Solid Color Socks Mid Cut Sock Baseball Foot Socks Iconic Socks,Appearance: okay siya Material Quality: manipis,2024-07-02,-0.5455,negative
review-943,Korean Unisex 5Pairs/Pack Solid Color Socks Mid Cut Sock Baseball Foot Socks Iconic Socks,Wrong black socks delivered 😢,2022-03-20,-0.6939,negative
review-944,Korean Unisex 5Pairs/Pack Solid Color Socks Mid Cut Sock Baseball Foot Socks Iconic Socks,Okay socks,2023-08-10,0.1667,positive
review-945,Korean Unisex 5Pairs/Pack Solid Color Socks Mid Cut Sock Baseball Foot Socks Iconic Socks,Received only 4 pairs instead of 5,2024-09-07,0.1667,positive
review-946,Korean Unisex 5Pairs/Pack Solid Color Socks Mid Cut Sock Baseball Foot Socks Iconic Socks,Liit,2024-03-13,-0.5,negative
review-947,Korean Unisex 5Pairs/Pack Solid Color Socks Mid Cut Sock Baseball Foot Socks Iconic Socks,Ok nman nagustohan then ng anak,2023-09-10,0.4231,positive
review-948,Korean Unisex 5Pairs/Pack Solid Color Socks Mid Cut Sock Baseball Foot Socks Iconic Socks,Very thin...,2025-09-01,-0.5652,negative
review-949,Korean Unisex 5Pairs/Pack Solid Color Socks Mid Cut Sock Baseball Foot Socks Iconic Socks,Appearance: Ganda na ito sa price.,2026-08-16,0.7143,positive
review-950,Korean Unisex 5Pairs/Pack Solid Color Socks Mid Cut Sock Baseball Foot Socks Iconic Socks,Ordered black.. ganitong kulay dumating😁😁😁😅😅😅,2024-06-15,0.5745,positive
review-951,Korean Unisex 5Pairs/Pack Solid Color Socks Mid Cut Sock Baseball Foot Socks Iconic Socks,Colour: good Appearance: good Material Quality: good Item received. Thank you seller. Complete orders. Fast delivery. May stain lang ung ibang mga socks. Next time double check the items.,2024-07-04,0.5783,positive
review-952,Korean Unisex 5Pairs/Pack Solid Color Socks Mid Cut Sock Baseball Foot Socks Iconic Socks,"Appearance: very good Colour: white, black Material Quality: cottony & thick Good quality for its price!! Satisfied customer here .. will surely order again. Thank you seller and deliver rider.",2023-09-06,0.708,positive
review-953,Korean Unisex 5Pairs/Pack Solid Color Socks Mid Cut Sock Baseball Foot Socks Iconic Socks,Appearance: 💯❤ Colour: 💯❤ Material Quality: 💯❤ I like the product thank so much😍😍🙏🎀💓💓💓🎀 ...,2022-09-25,0.7085,positive
review-954,Korean Unisex 5Pairs/Pack Solid Color Socks Mid Cut Sock Baseball Foot Socks Iconic Socks,"The material is very good, and good appearance, nagustuhan Ng akin anak. Thank you ☺️",2023-08-13,0.6774,positive
review-955,Korean Unisex 5Pairs/Pack Solid Color Socks Mid Cut Sock Baseball Foot Socks Iconic Socks,"Appearance: good Colour: black Sad, white po order ko for my student po Sana😔 Pero mapapakinabangan pa din saming mag asawa nlng, hoping po na next Sana masunod na Ang kulay, ineexpect Kasi ng mga students q na darating socks nila! Anyway thanks po, good quality po si socks😁😁",2022-08-30,0.5599,positive
review-956,Korean Unisex 5Pairs/Pack Solid Color Socks Mid Cut Sock Baseball Foot Socks Iconic Socks,Looks good delivered safe and complete no damages secured packages also just fine colour black hope it will last longer,2025-07-05,0.3617,positive
review-957,Korean Unisex 5Pairs/Pack Solid Color Socks Mid Cut Sock Baseball Foot Socks Iconic Socks,"Maganda quality ng socks, goods din delivery kaso sabi 5 pairs daw yung white socks but nung dumating 4 nalang kaya 4 stars din muna😁 na scam eh pero good quality maganda medyas.",2022-02-02,0.6322,positive
review-958,Korean Unisex 5Pairs/Pack Solid Color Socks Mid Cut Sock Baseball Foot Socks Iconic Socks,Material Quality: polyester and cotton Appearance: same as the picture Colour: white It's not a hundred percent (100%)v cotton but still feels okay. arrived exactly on time,2023-11-16,0.434,positive
review-959,Korean Unisex 5Pairs/Pack Solid Color Socks Mid Cut Sock Baseball Foot Socks Iconic Socks,Appearance: ok lang Colour: black Material Quality: cheap like its price What you paid is what you get,2023-10-25,0.2308,positive
review-960,Korean Unisex 5Pairs/Pack Solid Color Socks Mid Cut Sock Baseball Foot Socks Iconic Socks,"Media not related but the quality of the product is just okay for it's price. You can't really expect an excellent product with just a cheap price. Nevertheless, Aren't you somethin' to admire Cause your shine is somethin' like a mirror And I can't help but notice You reflect in this heart of mine If you ever feel alone and The glare makes me hard to find Just know that I'm always Parallel on the other side Cause with your hand in my hand And a pocket full of soul I can tell you there's no place we couldn't go Just put your hand on the glass I'm here tryin' to pull you through You just gotta be strong",2024-02-16,0.4161,positive
review-961,Korean Unisex 5Pairs/Pack Solid Color Socks Mid Cut Sock Baseball Foot Socks Iconic Socks,Colour: perfect Material Quality: wonderful Appearance: good The item is in good condition and I was so happy because I was not expecting so much but the item was so good.,2023-12-07,0.744,positive
review-962,Korean Unisex 5Pairs/Pack Solid Color Socks Mid Cut Sock Baseball Foot Socks Iconic Socks,"“I recently purchased a [product name] from [store name]. The quality of the product was excellent, and the packaging ensured that it survived the transportation. The ordering process was quite smooth, I can’t wait to shop here again.”",2024-06-28,0.6587,positive
review-963,Korean Unisex 5Pairs/Pack Solid Color Socks Mid Cut Sock Baseball Foot Socks Iconic Socks,Appearance: good Colour: good Material Quality: good I hope it will fit,2024-08-20,0.6774,positive
review-964,Korean Unisex 5Pairs/Pack Solid Color Socks Mid Cut Sock Baseball Foot Socks Iconic Socks,"3rd order ko na to, ngayon pa nagkamali. Peach ang inorder ko. Ang pinadala ni seller light pink na KF94. Sana man lang nag abiso si seller bago pinack lahat. (Di po ako kakampink huhuh)",2022-02-16,-0.3333,negative
review-965,Korean Unisex 5Pairs/Pack Solid Color Socks Mid Cut Sock Baseball Foot Socks Iconic Socks,Colour: good so white Appearance: good and can be stretched Material Quality: good,2023-06-13,0.5122,positive
review-966,Korean Unisex 5Pairs/Pack Solid Color Socks Mid Cut Sock Baseball Foot Socks Iconic Socks,Appearance: good Material Quality: good Colour: black good,2024-03-26,0.6739,positive
review-967,Korean Unisex 5Pairs/Pack Solid Color Socks Mid Cut Sock Baseball Foot Socks Iconic Socks,"photo and video not related Look at this stuff Isn't it neat? Wouldn't you think my collection's complete? Wouldn't you think I'm the girl The girl who has everything? Look at this trove Treasures untold How many wonders can one cavern hold? Looking around here you'd think Sure, she's got everyth",2022-08-28,-0.5556,negative
review-968,Korean Unisex 5Pairs/Pack Solid Color Socks Mid Cut Sock Baseball Foot Socks Iconic Socks,One bottle leaked almost half of its content was wasted. But still the product is okay with its price.,2024-09-11,-0.3814,negative
review-969,Korean Unisex 5Pairs/Pack Solid Color Socks Mid Cut Sock Baseball Foot Socks Iconic Socks,Solid nung medyas pang daily use tas may sarili pang pouch ang guds na rin nabans kaya very affordable socks well sellera,2022-05-15,0.6767,positive
review-970,Korean Unisex 5Pairs/Pack Solid Color Socks Mid Cut Sock Baseball Foot Socks Iconic Socks,It came with complete pairs and is just the right size. They're not to thick or thin...thank you seller hdud omgs hdhs hdud ka,2023-08-18,-0.2308,negative
review-971,Korean Unisex 5Pairs/Pack Solid Color Socks Mid Cut Sock Baseball Foot Socks Iconic Socks,"Appearance: maayos Colour: black Material Quality: manipis Tama ang kulay at size. Manipis lang pala. Pero pwede na rin mura lang naman. Salamat seller, shoppee at sa rider.",2023-09-21,0.5572,positive
review-972,Korean Unisex 5Pairs/Pack Solid Color Socks Mid Cut Sock Baseball Foot Socks Iconic Socks,Makakapal po ang tela Ng mga items..medyo maliit nga Lang po pero ok nmn po Siya ..sakto s mga batang alanganin ang edad.thanks shoppee.,2022-03-31,0.3976,positive
review-973,Korean Unisex 5Pairs/Pack Solid Color Socks Mid Cut Sock Baseball Foot Socks Iconic Socks,"Hindi sya ganon kakapal, pero ok n din, mababa lang naman ang price nya, so worth it pa din, bili ulit ako next time, good job seller",2022-07-30,0.6667,positive
review-974,Korean Unisex 5Pairs/Pack Solid Color Socks Mid Cut Sock Baseball Foot Socks Iconic Socks,"Appearance: good Colour: okay Material Quality: Okay Water. Earth. Fire. Air. My grandmother used to tell me stories about the old days, a time of peace when the Avatar kept balance between the Water Tribes, Earth Kingdom, Fire Nation, and Air Nomads. But that all changed when the Fire Nation attacked. Only the Avatar mastered all four elements.",2022-08-31,0.4203,positive
review-975,Korean Unisex 5Pairs/Pack Solid Color Socks Mid Cut Sock Baseball Foot Socks Iconic Socks,"Material is much thinner than expected, defeating the purpose of socks: to protect and cushion the feet from friction and blisters. While the price is justifiable for the quality, i would not recommend these for interns in healthcare as this would contribute to feet pain. It’s good enough for casual errands though",2025-07-05,-0.2857,negative
review-976,Korean Unisex 5Pairs/Pack Solid Color Socks Mid Cut Sock Baseball Foot Socks Iconic Socks,"Colour: White Material Quality: medjo manipis siya haha Appearance: ayos langg Omaygash medjo devastated ako kasi may butas yung isang sock niyaaa, okay lang kasi pwede naman itahi",2024-07-02,-0.4444,negative
review-977,Korean Unisex 5Pairs/Pack Solid Color Socks Mid Cut Sock Baseball Foot Socks Iconic Socks,"i have ordered here before, and they lasted me years before they became loose. the garter is good, but these new ones i received recently have a bit of a different quality than the ones i had before. they're a bit more thin. a pair was also missing its other half, so i only received 9 individual socks instead of 10.",2026-01-09,-0.5429,negative
review-978,Korean Unisex 5Pairs/Pack Solid Color Socks Mid Cut Sock Baseball Foot Socks Iconic Socks,"Material Quality: Thin, but already expected it for the price Colour: I received the right color",2023-09-20,-0.5238,negative
review-979,Korean Unisex 5Pairs/Pack Solid Color Socks Mid Cut Sock Baseball Foot Socks Iconic Socks,Material Quality: manipis Appearance: good Colour: nice Okay naman po yong item for the price po. Manipis lng po pero maganda po. Tama dn po na 5 pairs po. Salamat seller .,2023-02-03,0.5833,positive
review-980,Korean Unisex 5Pairs/Pack Solid Color Socks Mid Cut Sock Baseball Foot Socks Iconic Socks,Good packaging. I like the socks.,2024-07-06,0.6774,positive
review-981,Korean Unisex 5Pairs/Pack Solid Color Socks Mid Cut Sock Baseball Foot Socks Iconic Socks,Appearance: not the same as my order Colour: 0/10 Material Quality: good I ordered white but I received black fortunate enough that I need black socks for casual use,2025-02-01,-0.5181,negative
review-982,Korean Unisex 5Pairs/Pack Solid Color Socks Mid Cut Sock Baseball Foot Socks Iconic Socks,"The size is small to medium size na feet. Sakto lang kapal nya for me. For everyday use pwede na, not bad for school use or any activity.",2024-02-22,0.4253,positive
review-983,Korean Unisex 5Pairs/Pack Solid Color Socks Mid Cut Sock Baseball Foot Socks Iconic Socks,"I received all items I ordered but it looks like someone opened my package. it has holes in them, even did a bad job taping together to make it look like no one opened it. Good thing I did not buy anything pricey and just bought face masks and hair coloring. Please be vigilant.",2022-12-11,-0.5604,negative
review-984,Korean Unisex 5Pairs/Pack Solid Color Socks Mid Cut Sock Baseball Foot Socks Iconic Socks,"Appearance: good Colour: wrong color Material Quality: 9/10 Maganda sana kaso iba pinadala nyo . Black order ko , white pinadala nyo po . Sana paki ayos sa susunod kasi doble gastos kung bibili ulit!",2022-11-26,0.5402,positive
review-985,Korean Unisex 5Pairs/Pack Solid Color Socks Mid Cut Sock Baseball Foot Socks Iconic Socks,Appearance: good Colour: good Material Quality: good got the complete item. in just 5days nakuha ko na agad. the quality is not really good maybe because it's mura kaya Ganon lang. Hindi siya gasino na stretch.,2022-09-02,0.4675,positive
review-986,Korean Unisex 5Pairs/Pack Solid Color Socks Mid Cut Sock Baseball Foot Socks Iconic Socks,Photo and Video not connected to the product. For coins purposes only. I do not have anything more to say. Nice product and aesthetic.,2025-07-11,0.6552,positive
review-987,Korean Unisex 5Pairs/Pack Solid Color Socks Mid Cut Sock Baseball Foot Socks Iconic Socks,Appearance: 10/10 Colour: white Material Quality: 10/10,2023-01-07,0.75,positive
review-988,Korean Unisex 5Pairs/Pack Solid Color Socks Mid Cut Sock Baseball Foot Socks Iconic Socks,Material Quality: medyo manipis lng Appearance: maayos nman Colour: black,2023-12-25,0.2982,positive
review-989,Korean Unisex 5Pairs/Pack Solid Color Socks Mid Cut Sock Baseball Foot Socks Iconic Socks,1. thunderous 2. loco 3. drunk-dazed 4. queendom 5. bambi 6. after school (this ones hard😭) 7. rock with you 8. gone (sorry lisa i still love you) 9. maverick 10. eleven 11.,2022-03-20,0.3103,positive
review-990,Korean Unisex 5Pairs/Pack Solid Color Socks Mid Cut Sock Baseball Foot Socks Iconic Socks,Material Quality: parang nylon tela nya Mainet yung tela nya tas manipis,2022-12-02,-0.5,negative
review-991,Korean Unisex 5Pairs/Pack Solid Color Socks Mid Cut Sock Baseball Foot Socks Iconic Socks,Walang damage kahit na hindi secured ang packaging. Kumpleto din pero matagal nadeliver. Isang linggo din,2022-01-24,-0.5312,negative
review-992,Korean Unisex 5Pairs/Pack Solid Color Socks Mid Cut Sock Baseball Foot Socks Iconic Socks,Material Quality: manipis pala unlike sa picture Appearance: true to its price,2024-07-30,-0.5238,negative
review-993,Korean Unisex 5Pairs/Pack Solid Color Socks Mid Cut Sock Baseball Foot Socks Iconic Socks,"Appearance: 9.5/10 Colour: 9/10 Material Quality: 8/10 Don't expected high material quality,its cute and also pretty, I was late review cause i was super busy yes as in,The shipping and deliver take so long. (Video not related) shua mí loves",2022-08-23,0.5364,positive
review-994,Korean Unisex 5Pairs/Pack Solid Color Socks Mid Cut Sock Baseball Foot Socks Iconic Socks,Colour: white Appearance: o Material Quality: manipis may kanipisan pero pwede na sa price nya Tama naman lahat at mabilis din I shift ni deliver . Salamats po,2024-02-25,0.3717,positive
review-995,Korean Unisex 5Pairs/Pack Solid Color Socks Mid Cut Sock Baseball Foot Socks Iconic Socks,Appearance: Ok nman. Material Quality: Medyo manipis lang. Colour: Ok nman. Appearance:Ok nman. Material Quality:Medyo manipis lang. Colour:Ok nman.,2024-06-30,0.2593,positive
review-996,Korean Unisex 5Pairs/Pack Solid Color Socks Mid Cut Sock Baseball Foot Socks Iconic Socks,Colour: White Manipis lang pero not bad sa price nya. Maliit lang sya size 44 kasi paa ko pangteens lang sya pero overall 4/5 goods na for ladies pero not recommended for boys.,2022-10-02,0.3671,positive
review-997,Korean Unisex 5Pairs/Pack Solid Color Socks Mid Cut Sock Baseball Foot Socks Iconic Socks,"Kompleto lahat ng items. Kaya lang Sobrang nipis ng masks. At yung socks ay may kaunting dumi. Pero overall, good naman.",2022-04-29,0.5789,positive
review-998,Korean Unisex 5Pairs/Pack Solid Color Socks Mid Cut Sock Baseball Foot Socks Iconic Socks,The product is nice. The socks are thick but it's a bit short. For the price okay na yung product. The delivery is okay but the seller has poor service,2022-03-16,0.0244,neutral
review-999,Unknown Product,"Material Quality: nice Colour: 10/10 Appearance: 10/10 Maganda , thank you seller bilis dumating,",2024-10-07,0.711,positive
review-1000,Unknown Product,Material Quality: Excellent Appearance: Iced Out Colour: Silver Blue and Gold 2nd time ordering from this shop. All the item is correct and working properly. Never fail to amaze me. And also the item is budget friendly. Bang for the buck. Thankyouu Seller. Thankyouu Shopee. Till next order,2024-12-30,0.5763,positive
review-1001,Unknown Product,Colour: True to what is posted Material Quality: Good Appearance: Nice Parcel arrived the day after the order was placed. Seems it is in good condition. Sana matuwa ang pagbibigyan. Salamat seller at kay kiya suki rider,2025-12-12,0.6407,positive
review-1002,Unknown Product,Material Quality: Glass Crystal and Stainless Appearance: Shiny Silver Stainless Colour: Silver & Blue,2024-07-29,0.0,neutral
review-1003,Unknown Product,Appearance: The watch looks elegant and stylish Colour: The colours are vibrant and accurate,2026-07-04,0.6667,positive
